id,w,h,n_bandas,cabecera_y,principal_y,pie_y,marco_izq_der_sup_inf,logo,frente_x,espalda_x,recorte_frac,formato
AIM-P001-001.jpg,700,560,3,0.027-0.170,0.211-0.838,0.870-0.968,0/0/0/0,si,0.169-0.566,0.569-0.973,0.494,"(3, 1, 1, 1, 0)"
AIM-P001-002.jpg,700,560,3,0.029-0.171,0.211-0.839,0.871-0.970,0/0/0/0,si,0.167-0.566,0.569-0.974,0.490,"(3, 1, 1, 1, 0)"
AIM-P001-003.jpg,700,560,3,0.027-0.170,0.211-0.838,0.870-0.968,0/0/0/0,si,0.169-0.567,0.570-0.973,0.494,"(3, 1, 1, 1, 0)"
AIM-P001-004.jpg,700,560,3,0.027-0.170,0.211-0.838,0.870-0.968,0/0/0/0,si,0.169-0.566,0.569-0.980,0.489,"(3, 1, 1, 1, 0)"
AIM-P001-005.jpg,700,560,3,0.027-0.170,0.211-0.838,0.870-0.968,0/0/0/0,si,0.167-0.563,0.566-0.973,0.493,"(3, 1, 1, 1, 0)"
AIM-P001-006.jpg,4096,3277,3,0.028-0.171,0.209-0.839,0.871-0.969,0/0/0/0,si,0.166-0.566,0.567-0.977,0.489,"(3, 1, 1, 1, 0)"
AIM-P001-007.jpg,700,560,3,0.027-0.170,0.211-0.839,0.870-0.968,0/0/0/0,si,0.169-0.570,0.573-0.980,0.488,"(3, 1, 1, 1, 0)"
AIM-P001-008.jpg,700,560,3,0.027-0.170,0.211-0.839,0.870-0.968,0/0/0/0,si,0.167-0.573,0.576-0.977,0.489,"(3, 1, 1, 1, 0)"
AIM-P001-009.jpg,700,560,3,0.027-0.170,0.211-0.839,0.870-0.968,0/0/0/0,si,0.170-0.569,0.571-0.973,0.493,"(3, 1, 1, 1, 0)"
AIM-P001-010.jpg,700,560,3,0.027-0.170,0.211-0.838,0.870-0.968,0/0/0/0,si,0.169-0.570,0.573-0.980,0.489,"(3, 1, 1, 1, 0)"
AIM-P001-011.jpg,700,560,3,0.027-0.170,0.211-0.838,0.870-0.968,0/0/0/0,si,0.169-0.567,0.570-0.979,0.490,"(3, 1, 1, 1, 0)"
AIM-P001-012.jpg,700,560,3,0.027-0.170,0.211-0.838,0.870-0.968,0/0/0/0,si,0.033-0.204,0.261-0.980,0.404,"(3, 1, 1, 1, 0)"
AIM-P001-013.jpg,700,560,3,0.027-0.170,0.211-0.838,0.870-0.968,0/0/0/0,si,0.167-0.564,0.567-0.979,0.489,"(3, 1, 1, 1, 0)"
AIM-P001-014.jpg,700,560,3,0.027-0.170,0.209-0.838,0.870-0.968,0/0/0/0,si,0.169-0.567,0.570-0.971,0.493,"(3, 1, 1, 1, 0)"
AIM-P001-015.jpg,700,560,3,0.027-0.170,0.211-0.839,0.870-0.968,0/0/0/0,si,0.167-0.569,0.571-0.977,0.489,"(3, 1, 1, 1, 0)"
AIM-P001-016.jpg,700,560,3,0.027-0.170,0.211-0.838,0.870-0.968,0/0/0/0,si,0.169-0.570,0.573-0.973,0.494,"(3, 1, 1, 1, 0)"
AIM-P001-017.jpg,700,560,3,0.027-0.170,0.209-0.838,0.870-0.968,0/0/0/0,si,0.169-0.566,0.569-0.971,0.493,"(3, 1, 1, 1, 0)"
AIM-P001-018.jpg,700,560,3,0.027-0.170,0.211-0.838,0.870-0.968,0/0/0/0,si,0.273-0.466,0.549-0.976,0.557,"(3, 1, 1, 1, 0)"
AIM-P001-019.jpg,700,560,3,0.027-0.170,0.211-0.838,0.870-0.968,0/0/0/0,si,0.167-0.567,0.570-0.977,0.490,"(3, 1, 1, 1, 0)"
AIM-P001-020.jpg,700,560,3,0.029-0.171,0.211-0.839,0.871-0.970,0/0/0/0,si,0.169-0.567,0.570-0.976,0.490,"(3, 1, 1, 1, 0)"
AIM-P001-021.jpg,700,560,3,0.027-0.170,0.211-0.838,0.870-0.968,0/0/0/0,si,0.167-0.503,0.506-0.979,0.489,"(3, 1, 1, 1, 0)"
AIM-P001-022.jpg,4096,3277,3,0.028-0.171,0.209-0.839,0.871-0.969,0/0/0/0,si,0.166-0.566,0.567-0.976,0.490,"(3, 1, 1, 1, 0)"
AIM-P001-023.jpg,700,560,3,0.027-0.170,0.209-0.839,0.868-0.970,0/0/0/0,si,0.169-0.570,0.573-0.980,0.486,"(3, 1, 1, 1, 0)"
AIM-P001-024.jpg,700,560,3,0.027-0.170,0.211-0.839,0.870-0.968,0/0/0/0,si,0.167-0.571,0.574-0.970,0.493,"(3, 1, 1, 1, 0)"
AIM-P001-025.jpg,700,560,3,0.027-0.170,0.211-0.838,0.870-0.968,0/0/0/0,si,0.169-0.567,0.570-0.977,0.491,"(3, 1, 1, 1, 0)"
AIM-P001-026.jpg,700,560,3,0.027-0.170,0.211-0.838,0.870-0.968,0/0/0/0,si,0.167-0.563,0.566-0.973,0.493,"(3, 1, 1, 1, 0)"
AIM-P001-027.jpg,700,560,3,0.027-0.170,0.211-0.838,0.870-0.968,0/0/0/0,si,0.169-0.564,0.567-0.971,0.494,"(3, 1, 1, 1, 0)"
AIM-P001-028.jpg,700,560,3,0.027-0.170,0.211-0.839,0.870-0.968,0/0/0/0,si,0.167-0.570,0.573-0.970,0.493,"(3, 1, 1, 1, 0)"
AIM-P001-029.jpg,700,560,3,0.027-0.170,0.211-0.838,0.870-0.968,0/0/0/0,si,0.169-0.570,0.573-0.980,0.489,"(3, 1, 1, 1, 0)"
AIM-P001-030.png,700,560,3,0.027-0.170,0.211-0.838,0.870-0.968,0/0/0/0,si,0.167-0.566,0.569-0.973,0.493,"(3, 1, 1, 1, 0)"
AIM-P001-031.jpg,700,560,3,0.027-0.170,0.211-0.838,0.870-0.968,0/0/0/0,si,0.169-0.570,0.573-0.979,0.490,"(3, 1, 1, 1, 0)"
AIM-P001-032.jpg,700,560,3,0.027-0.170,0.209-0.838,0.870-0.968,0/0/0/0,si,0.167-0.566,0.569-0.973,0.491,"(3, 1, 1, 1, 0)"
AIM-P001-033.jpg,700,560,3,0.027-0.170,0.211-0.838,0.870-0.968,0/0/0/0,si,0.169-0.566,0.569-0.980,0.489,"(3, 1, 1, 1, 0)"
AIM-P001-034.jpg,700,560,3,0.027-0.170,0.209-0.838,0.870-0.968,0/0/0/0,si,0.169-0.567,0.570-0.976,0.490,"(3, 1, 1, 1, 0)"
AIM-P001-035.jpg,700,560,3,0.027-0.170,0.211-0.838,0.870-0.968,0/0/0/0,si,0.167-0.570,0.573-0.979,0.489,"(3, 1, 1, 1, 0)"
AIM-P001-036.jpg,700,560,3,0.029-0.171,0.211-0.839,0.871-0.970,0/0/0/0,si,0.169-0.564,0.567-0.976,0.490,"(3, 1, 1, 1, 0)"
AIM-P001-037.jpg,700,560,3,0.027-0.170,0.209-0.838,0.870-0.968,0/0/0/0,si,0.170-0.570,0.573-0.980,0.489,"(3, 1, 1, 1, 0)"
AIM-P001-038.jpg,700,560,3,0.027-0.170,0.211-0.841,0.870-0.968,0/0/0/0,si,0.169-0.566,0.569-0.977,0.488,"(3, 1, 1, 1, 0)"
AIM-P001-039.jpg,700,560,3,0.027-0.170,0.211-0.838,0.870-0.968,0/0/0/0,si,0.167-0.566,0.569-0.979,0.489,"(3, 1, 1, 1, 0)"
AIM-P001-040.jpg,700,560,3,0.027-0.170,0.211-0.841,0.870-0.968,0/0/0/0,si,0.170-0.570,0.573-0.980,0.487,"(3, 1, 1, 1, 0)"
AIM-P001-041.jpg,700,560,3,0.027-0.170,0.211-0.839,0.870-0.968,0/0/0/0,si,0.169-0.570,0.573-0.980,0.488,"(3, 1, 1, 1, 0)"
AIM-P001-042.jpg,700,560,3,0.027-0.170,0.211-0.838,0.870-0.968,0/0/0/0,si,0.167-0.563,0.566-0.973,0.493,"(3, 1, 1, 1, 0)"
AIM-P001-043.jpg,700,560,3,0.027-0.170,0.211-0.838,0.870-0.968,0/0/0/0,si,0.169-0.566,0.569-0.973,0.494,"(3, 1, 1, 1, 0)"
AIM-P001-044.jpg,700,560,3,0.027-0.170,0.211-0.838,0.870-0.968,0/0/0/0,si,0.167-0.563,0.566-0.973,0.493,"(3, 1, 1, 1, 0)"
AIM-P001-045.jpg,700,560,3,0.027-0.170,0.211-0.839,0.870-0.968,0/0/0/0,si,0.169-0.566,0.569-0.980,0.488,"(3, 1, 1, 1, 0)"
AIM-P001-046.jpg,700,560,3,0.027-0.170,0.211-0.839,0.870-0.968,0/0/0/0,si,0.169-0.566,0.569-0.973,0.492,"(3, 1, 1, 1, 0)"
AIM-P001-047.jpg,700,560,3,0.027-0.170,0.200-0.838,0.870-0.968,0/0/0/0,si,0.167-0.554,0.557-0.976,0.482,"(3, 1, 1, 1, 0)"
AIM-P001-048.jpg,700,560,3,0.027-0.170,0.211-0.838,0.870-0.968,0/0/0/0,si,0.167-0.566,0.569-0.977,0.490,"(3, 1, 1, 1, 0)"
AIM-P001-049.jpg,700,560,3,0.027-0.170,0.211-0.838,0.870-0.968,0/0/0/0,si,0.169-0.566,0.569-0.977,0.491,"(3, 1, 1, 1, 0)"
AIM-P001-050.jpg,700,560,3,0.027-0.170,0.211-0.838,0.870-0.968,0/0/0/0,si,0.167-0.566,0.569-0.973,0.493,"(3, 1, 1, 1, 0)"
AIM-P001-051.jpg,700,560,3,0.027-0.170,0.209-0.838,0.870-0.968,0/0/0/0,si,0.169-0.566,0.569-0.971,0.493,"(3, 1, 1, 1, 0)"
AIM-P001-052.jpg,700,560,3,0.027-0.170,0.211-0.838,0.870-0.968,0/0/0/0,si,0.167-0.566,0.569-0.977,0.490,"(3, 1, 1, 1, 0)"
AIM-P001-053.jpg,700,560,3,0.027-0.170,0.211-0.838,0.870-0.968,0/0/0/0,si,0.167-0.566,0.569-0.980,0.488,"(3, 1, 1, 1, 0)"
AIM-P001-054.jpg,4096,3277,3,0.028-0.171,0.209-0.839,0.871-0.969,0/0/0/0,si,0.166-0.566,0.567-0.976,0.489,"(3, 1, 1, 1, 0)"
AIM-P001-055.jpg,700,560,3,0.027-0.170,0.209-0.838,0.870-0.968,0/0/0/0,si,0.169-0.564,0.567-0.971,0.493,"(3, 1, 1, 1, 0)"
AIM-P001-056.jpg,700,560,3,0.027-0.170,0.211-0.838,0.870-0.968,0/0/0/0,si,0.169-0.570,0.573-0.973,0.494,"(3, 1, 1, 1, 0)"
AIM-P001-057.jpg,4096,3277,3,0.028-0.171,0.208-0.839,0.871-0.969,0/0/0/0,si,0.166-0.566,0.567-0.981,0.485,"(3, 1, 1, 1, 0)"
AIM-P001-058.jpg,700,560,3,0.027-0.170,0.211-0.839,0.870-0.968,0/0/0/0,si,0.169-0.570,0.573-0.970,0.494,"(3, 1, 1, 1, 0)"
AIM-P001-059.jpg,700,560,3,0.027-0.170,0.211-0.839,0.870-0.968,0/0/0/0,si,0.170-0.570,0.573-0.977,0.490,"(3, 1, 1, 1, 0)"
AIM-P001-060.jpg,700,560,3,0.027-0.170,0.211-0.838,0.870-0.968,0/0/0/0,si,0.169-0.566,0.569-0.977,0.491,"(3, 1, 1, 1, 0)"
AIM-P002-001.jpg,700,560,3,0.027-0.170,0.211-0.838,0.870-0.968,0/0/0/0,si,0.167-0.567,0.570-0.973,0.493,"(3, 1, 1, 1, 0)"
AIM-P002-002.jpg,700,560,3,0.027-0.170,0.209-0.838,0.870-0.968,0/0/0/0,si,0.167-0.567,0.570-0.981,0.486,"(3, 1, 1, 1, 0)"
AIM-P002-003.png,700,564,3,0.016-0.165,0.206-0.853,0.885-0.986,0/0/0/0,si,0.159-0.571,0.574-0.999,0.454,"(3, 1, 1, 1, 0)"
AIM-P002-004.jpg,700,560,3,0.027-0.170,0.211-0.838,0.870-0.968,0/0/0/0,si,0.167-0.564,0.567-0.979,0.489,"(3, 1, 1, 1, 0)"
AIM-P002-005.png,700,560,3,0.027-0.170,0.211-0.838,0.870-0.968,0/0/0/0,si,0.167-0.566,0.569-0.973,0.493,"(3, 1, 1, 1, 0)"
AIM-P002-006.jpg,700,560,3,0.027-0.170,0.211-0.838,0.870-0.968,0/0/0/0,si,0.167-0.623,0.690-0.866,0.560,"(3, 1, 1, 1, 0)"
AIM-P002-007.jpg,700,560,3,0.027-0.170,0.211-0.838,0.870-0.968,0/0/0/0,si,0.169-0.566,0.569-0.971,0.494,"(3, 1, 1, 1, 0)"
AIM-P002-008.jpg,700,560,3,0.027-0.170,0.211-0.838,0.870-0.968,0/0/0/0,si,0.167-0.666,0.700-0.974,0.492,"(3, 1, 1, 1, 0)"
AIM-P002-009.jpg,700,560,3,0.027-0.170,0.211-0.838,0.870-0.968,0/0/0/0,si,0.169-0.566,0.569-0.977,0.491,"(3, 1, 1, 1, 0)"
AIM-P002-010.jpg,700,560,3,0.027-0.170,0.211-0.841,0.870-0.968,0/0/0/0,si,0.167-0.570,0.573-0.974,0.489,"(3, 1, 1, 1, 0)"
AIM-P002-011.jpg,700,560,3,0.027-0.170,0.211-0.838,0.870-0.968,0/0/0/0,si,0.167-0.564,0.567-0.979,0.489,"(3, 1, 1, 1, 0)"
AIM-P002-012.jpg,700,560,3,0.027-0.170,0.211-0.838,0.870-0.968,0/0/0/0,si,0.169-0.570,0.573-0.977,0.491,"(3, 1, 1, 1, 0)"
AIM-P002-013.jpg,700,560,3,0.027-0.170,0.211-0.838,0.870-0.968,0/0/0/0,si,0.167-0.570,0.573-0.973,0.493,"(3, 1, 1, 1, 0)"
AIM-P002-014.jpg,4096,3277,3,0.028-0.171,0.211-0.839,0.871-0.969,0/0/0/0,si,0.166-0.568,0.569-0.977,0.491,"(3, 1, 1, 1, 0)"
AIM-P002-015.jpg,700,560,3,0.027-0.170,0.211-0.838,0.870-0.968,0/0/0/0,si,0.223-0.563,0.566-0.973,0.528,"(3, 1, 1, 1, 0)"
AIM-P002-016.jpg,700,560,3,0.027-0.170,0.211-0.838,0.870-0.968,0/0/0/0,si,0.169-0.566,0.569-0.977,0.491,"(3, 1, 1, 1, 0)"
AIM-P002-017.jpg,700,560,3,0.027-0.170,0.211-0.839,0.870-0.968,0/0/0/0,si,0.167-0.573,0.576-0.974,0.490,"(3, 1, 1, 1, 0)"
AIM-P002-018.jpg,700,560,3,0.027-0.170,0.211-0.838,0.870-0.968,0/0/0/0,si,0.167-0.570,0.573-0.973,0.493,"(3, 1, 1, 1, 0)"
AIM-P002-019.jpg,700,560,3,0.027-0.170,0.211-0.838,0.870-0.968,0/0/0/0,si,0.167-0.570,0.573-0.977,0.490,"(3, 1, 1, 1, 0)"
AIM-P002-020.jpg,700,560,3,0.027-0.170,0.211-0.839,0.870-0.968,0/0/0/0,si,0.170-0.566,0.569-0.967,0.497,"(3, 1, 1, 1, 0)"
AIM-P002-021.jpg,700,560,3,0.027-0.170,0.211-0.838,0.870-0.968,0/0/0/0,si,0.169-0.567,0.570-0.977,0.491,"(3, 1, 1, 1, 0)"
AIM-P002-022.jpg,700,560,3,0.027-0.170,0.211-0.838,0.870-0.968,0/0/0/0,si,0.167-0.563,0.566-0.973,0.493,"(3, 1, 1, 1, 0)"
AIM-P002-023.jpg,700,560,3,0.027-0.170,0.211-0.838,0.870-0.968,0/0/0/0,si,0.169-0.570,0.573-0.973,0.494,"(3, 1, 1, 1, 0)"
AIM-P002-024.jpg,700,560,3,0.027-0.170,0.211-0.838,0.870-0.968,0/0/0/0,si,0.167-0.570,0.573-0.973,0.493,"(3, 1, 1, 1, 0)"
AIM-P002-025.jpg,700,560,3,0.027-0.170,0.211-0.838,0.870-0.968,0/0/0/0,si,0.169-0.604,0.629-0.914,0.530,"(3, 1, 1, 1, 0)"
AIM-P002-026.jpg,700,560,3,0.027-0.170,0.211-0.838,0.870-0.968,0/0/0/0,si,0.169-0.570,0.573-0.977,0.491,"(3, 1, 1, 1, 0)"
AIM-P002-027.jpg,700,560,3,0.027-0.170,0.211-0.838,0.870-0.968,0/0/0/0,si,0.167-0.570,0.573-0.980,0.488,"(3, 1, 1, 1, 0)"
AIM-P002-028.jpg,700,560,3,0.027-0.170,0.209-0.838,0.870-0.968,0/0/0/0,si,0.169-0.566,0.569-0.973,0.492,"(3, 1, 1, 1, 0)"
AIM-P002-029.jpg,700,560,3,0.027-0.170,0.211-0.838,0.870-0.968,0/0/0/0,si,0.167-0.563,0.566-0.973,0.493,"(3, 1, 1, 1, 0)"
AIM-P002-030.jpg,700,560,3,0.027-0.170,0.211-0.838,0.870-0.968,0/0/0/0,si,0.169-0.566,0.569-0.977,0.491,"(3, 1, 1, 1, 0)"
AIM-P002-031.jpg,700,560,3,0.027-0.170,0.209-0.838,0.870-0.968,0/0/0/0,si,0.169-0.566,0.569-0.973,0.492,"(3, 1, 1, 1, 0)"
AIM-P002-032.jpg,700,560,3,0.027-0.170,0.211-0.838,0.870-0.968,0/0/0/0,si,0.167-0.566,0.569-0.967,0.496,"(3, 1, 1, 1, 0)"
AIM-P002-033.png,700,560,3,0.027-0.170,0.211-0.838,0.870-0.968,0/0/0/0,si,0.167-0.566,0.569-0.973,0.493,"(3, 1, 1, 1, 0)"
AIM-P002-034.jpg,700,562,3,0.016-0.164,0.203-0.849,0.879-0.982,0/0/0/0,si,0.156-0.564,0.567-0.990,0.459,"(3, 1, 1, 1, 0)"
AIM-P002-035.jpg,700,560,3,0.027-0.170,0.211-0.838,0.870-0.968,0/0/0/0,si,0.167-0.563,0.566-0.973,0.493,"(3, 1, 1, 1, 0)"
AIM-P002-036.jpg,700,560,3,0.027-0.170,0.209-0.838,0.870-0.968,0/0/0/0,si,0.169-0.567,0.570-0.977,0.489,"(3, 1, 1, 1, 0)"
AIM-P002-037.jpg,700,560,3,0.027-0.170,0.204-0.838,0.870-0.968,0/0/0/0,si,0.169-0.567,0.570-0.980,0.483,"(3, 1, 1, 1, 0)"
AIM-P002-038.jpg,700,560,3,0.027-0.170,0.211-0.838,0.870-0.968,0/0/0/0,si,0.169-0.566,0.569-0.973,0.494,"(3, 1, 1, 1, 0)"
AIM-P002-039.jpg,700,560,3,0.027-0.170,0.211-0.838,0.870-0.968,0/0/0/0,si,0.169-0.570,0.573-0.979,0.490,"(3, 1, 1, 1, 0)"
AIM-P002-040.jpg,700,560,3,0.027-0.170,0.211-0.838,0.870-0.968,0/0/0/0,si,0.167-0.566,0.569-0.973,0.493,"(3, 1, 1, 1, 0)"
AIM-P002-041.jpg,700,560,3,0.027-0.170,0.211-0.838,0.870-0.968,0/0/0/0,si,0.169-0.566,0.569-0.973,0.494,"(3, 1, 1, 1, 0)"
AIM-P002-042.jpg,700,560,3,0.027-0.170,0.209-0.839,0.870-0.968,0/0/0/0,si,0.167-0.570,0.573-0.973,0.490,"(3, 1, 1, 1, 0)"
AIM-P002-043.jpg,700,560,3,0.027-0.170,0.211-0.838,0.870-0.968,0/0/0/0,si,0.167-0.566,0.569-0.979,0.489,"(3, 1, 1, 1, 0)"
AIM-P002-044.jpg,700,560,3,0.027-0.170,0.211-0.838,0.870-0.968,0/0/0/0,si,0.167-0.566,0.569-0.979,0.489,"(3, 1, 1, 1, 0)"
AIM-P002-045.jpg,700,560,3,0.027-0.170,0.211-0.838,0.870-0.968,0/0/0/0,si,0.167-0.567,0.570-0.980,0.488,"(3, 1, 1, 1, 0)"
AIM-P002-046.jpg,700,560,3,0.027-0.170,0.211-0.838,0.870-0.968,0/0/0/0,si,0.169-0.566,0.569-0.973,0.494,"(3, 1, 1, 1, 0)"
AIM-P002-047.jpg,700,560,3,0.027-0.170,0.211-0.838,0.870-0.968,0/0/0/0,si,0.167-0.566,0.569-0.973,0.493,"(3, 1, 1, 1, 0)"
AIM-P002-048.jpg,700,560,3,0.027-0.170,0.211-0.838,0.870-0.968,0/0/0/0,si,0.169-0.569,0.571-0.980,0.489,"(3, 1, 1, 1, 0)"
AIM-P002-049.png,700,560,3,0.027-0.170,0.211-0.838,0.870-0.968,0/0/0/0,si,0.167-0.566,0.569-0.973,0.493,"(3, 1, 1, 1, 0)"
AIM-P002-050.jpg,4096,3277,3,0.028-0.171,0.209-0.839,0.871-0.969,0/0/0/0,si,0.166-0.560,0.561-0.976,0.489,"(3, 1, 1, 1, 0)"
AIM-P002-051.jpg,700,560,3,0.027-0.170,0.211-0.838,0.870-0.968,0/0/0/0,si,0.167-0.563,0.566-0.973,0.493,"(3, 1, 1, 1, 0)"
AIM-P002-052.jpg,700,560,3,0.027-0.170,0.211-0.838,0.870-0.968,0/0/0/0,si,0.167-0.569,0.571-0.973,0.493,"(3, 1, 1, 1, 0)"
AIM-P002-053.jpg,700,560,3,0.027-0.170,0.211-0.838,0.870-0.968,0/0/0/0,si,0.167-0.566,0.569-0.979,0.489,"(3, 1, 1, 1, 0)"
AIM-P002-054.jpg,700,560,3,0.027-0.170,0.211-0.838,0.870-0.968,0/0/0/0,si,0.169-0.604,0.657-0.980,0.489,"(3, 1, 1, 1, 0)"
AIM-P002-055.jpg,700,560,3,0.027-0.170,0.211-0.838,0.870-0.968,0/0/0/0,si,0.169-0.566,0.569-0.973,0.494,"(3, 1, 1, 1, 0)"
AIM-P002-056.jpg,700,560,3,0.027-0.170,0.211-0.838,0.870-0.968,0/0/0/0,si,0.167-0.564,0.567-0.979,0.489,"(3, 1, 1, 1, 0)"
AIM-P002-057.jpg,700,560,3,0.027-0.170,0.211-0.838,0.870-0.968,0/0/0/0,si,0.169-0.566,0.569-0.973,0.494,"(3, 1, 1, 1, 0)"
AIM-P002-058.jpg,700,560,3,0.027-0.170,0.209-0.838,0.870-0.968,0/0/0/0,si,0.169-0.570,0.573-0.973,0.492,"(3, 1, 1, 1, 0)"
AIM-P002-059.jpg,700,560,3,0.027-0.170,0.211-0.838,0.870-0.968,0/0/0/0,si,0.167-0.564,0.567-0.979,0.489,"(3, 1, 1, 1, 0)"
AIM-P002-060.jpg,700,560,3,0.027-0.170,0.211-0.838,0.870-0.968,0/0/0/0,si,0.169-0.566,0.569-0.973,0.494,"(3, 1, 1, 1, 0)"
AIM-P003-001.jpg,700,560,3,0.027-0.170,0.211-0.838,0.870-0.968,0/0/0/0,si,0.169-0.566,0.569-0.973,0.494,"(3, 1, 1, 1, 0)"
AIM-P003-002.png,700,560,3,0.027-0.170,0.211-0.838,0.870-0.968,0/0/0/0,si,0.167-0.599,0.717-0.857,0.565,"(3, 1, 1, 1, 0)"
AIM-P003-003.jpg,700,560,3,0.027-0.170,0.211-0.838,0.870-0.968,0/0/0/0,si,0.167-0.573,0.576-0.980,0.488,"(3, 1, 1, 1, 0)"
AIM-P003-004.jpg,700,560,3,0.027-0.170,0.211-0.838,0.870-0.968,0/0/0/0,si,0.167-0.566,0.569-0.979,0.489,"(3, 1, 1, 1, 0)"
AIM-P003-005.jpg,700,560,3,0.027-0.170,0.209-0.838,0.870-0.968,0/0/0/0,si,0.169-0.566,0.569-0.973,0.492,"(3, 1, 1, 1, 0)"
AIM-P003-006.png,700,560,3,0.027-0.170,0.211-0.838,0.870-0.968,0/0/0/0,si,0.167-0.566,0.569-0.973,0.493,"(3, 1, 1, 1, 0)"
AIM-P003-007.jpg,700,560,3,0.027-0.170,0.211-0.838,0.870-0.968,0/0/0/0,si,0.167-0.563,0.566-0.973,0.493,"(3, 1, 1, 1, 0)"
AIM-P003-008.jpg,4096,3277,3,0.028-0.171,0.206-0.839,0.871-0.969,0/0/0/0,si,0.166-0.562,0.563-0.974,0.488,"(3, 1, 1, 1, 0)"
AIM-P003-009.jpg,700,560,3,0.027-0.170,0.211-0.838,0.870-0.968,0/0/0/0,si,0.167-0.569,0.571-0.976,0.491,"(3, 1, 1, 1, 0)"
AIM-P003-010.jpg,700,560,3,0.027-0.170,0.211-0.838,0.870-0.968,0/0/0/0,si,0.169-0.567,0.570-0.979,0.490,"(3, 1, 1, 1, 0)"
AIM-P003-011.jpg,700,562,3,0.012-0.160,0.201-0.849,0.881-0.982,0/0/0/0,si,0.153-0.563,0.566-0.991,0.454,"(3, 1, 1, 1, 0)"
AIM-P003-012.jpg,700,562,3,0.014-0.164,0.203-0.852,0.886-0.988,0/0/0/0,si,0.160-0.571,0.574-0.999,0.453,"(3, 1, 1, 1, 0)"
AIM-P003-013.png,700,560,3,0.027-0.170,0.211-0.838,0.870-0.968,0/0/0/0,si,0.167-0.566,0.569-0.973,0.493,"(3, 1, 1, 1, 0)"
AIM-P003-014.jpg,700,560,3,0.027-0.170,0.211-0.838,0.870-0.968,0/0/0/0,si,0.169-0.569,0.571-0.979,0.490,"(3, 1, 1, 1, 0)"
AIM-P003-015.jpg,700,560,3,0.027-0.170,0.211-0.845,0.870-0.968,0/0/0/0,si,0.167-0.516,0.519-0.970,0.489,"(3, 1, 1, 1, 0)"
AIM-P003-016.jpg,700,560,3,0.027-0.170,0.211-0.838,0.870-0.968,0/0/0/0,si,0.167-0.567,0.570-0.977,0.490,"(3, 1, 1, 1, 0)"
AIM-P003-017.jpg,700,560,3,0.027-0.170,0.211-0.838,0.870-0.968,0/0/0/0,si,0.169-0.566,0.569-0.973,0.494,"(3, 1, 1, 1, 0)"
AIM-P003-018.jpg,700,560,3,0.027-0.170,0.209-0.838,0.870-0.968,0/0/0/0,si,0.169-0.566,0.569-0.973,0.492,"(3, 1, 1, 1, 0)"
AIM-P003-019.jpg,700,560,3,0.027-0.170,0.211-0.838,0.870-0.968,0/0/0/0,si,0.169-0.566,0.569-0.977,0.491,"(3, 1, 1, 1, 0)"
AIM-P003-020.jpg,700,560,3,0.027-0.170,0.211-0.838,0.870-0.968,0/0/0/0,si,0.169-0.566,0.569-0.979,0.490,"(3, 1, 1, 1, 0)"
AIM-P003-021.jpg,700,560,3,0.027-0.170,0.211-0.838,0.870-0.968,0/0/0/0,si,0.167-0.566,0.569-0.973,0.493,"(3, 1, 1, 1, 0)"
AIM-P003-022.jpg,700,560,3,0.027-0.170,0.211-0.838,0.870-0.968,0/0/0/0,si,0.169-0.567,0.570-0.973,0.494,"(3, 1, 1, 1, 0)"
AIM-P003-023.jpg,700,560,3,0.027-0.170,0.211-0.838,0.870-0.968,0/0/0/0,si,0.167-0.564,0.567-0.979,0.489,"(3, 1, 1, 1, 0)"
AIM-P003-024.jpg,4096,3277,3,0.028-0.171,0.211-0.839,0.871-0.969,0/0/0/0,si,0.166-0.572,0.572-0.979,0.489,"(3, 1, 1, 1, 0)"
AIM-P003-025.jpg,700,560,3,0.027-0.170,0.211-0.838,0.870-0.968,0/0/0/0,si,0.169-0.569,0.571-0.973,0.494,"(3, 1, 1, 1, 0)"
AIM-P003-026.jpg,700,560,3,0.027-0.170,0.209-0.838,0.870-0.968,0/0/0/0,si,0.169-0.566,0.569-0.973,0.492,"(3, 1, 1, 1, 0)"
AIM-P003-027.jpg,700,560,3,0.027-0.170,0.211-0.848,0.870-0.968,0/0/0/0,si,0.169-0.561,0.564-0.973,0.485,"(3, 1, 1, 1, 0)"
AIM-P003-028.jpg,700,560,3,0.027-0.170,0.211-0.838,0.870-0.968,0/0/0/0,si,0.167-0.564,0.567-0.979,0.489,"(3, 1, 1, 1, 0)"
AIM-P003-029.jpg,700,560,3,0.027-0.170,0.211-0.838,0.870-0.968,0/0/0/0,si,0.167-0.550,0.553-0.974,0.492,"(3, 1, 1, 1, 0)"
AIM-P003-030.jpg,700,560,3,0.027-0.170,0.211-0.838,0.870-0.968,0/0/0/0,si,0.167-0.563,0.566-0.973,0.493,"(3, 1, 1, 1, 0)"
AIM-P003-031.jpg,700,560,3,0.027-0.170,0.211-0.838,0.870-0.968,0/0/0/0,si,0.169-0.566,0.569-0.973,0.494,"(3, 1, 1, 1, 0)"
AIM-P003-032.jpg,700,560,3,0.027-0.170,0.211-0.838,0.870-0.968,0/0/0/0,si,0.167-0.569,0.571-0.973,0.493,"(3, 1, 1, 1, 0)"
AIM-P003-033.jpg,700,560,3,0.027-0.170,0.211-0.838,0.870-0.968,0/0/0/0,si,0.167-0.570,0.573-0.973,0.493,"(3, 1, 1, 1, 0)"
AIM-P003-034.jpg,700,560,3,0.027-0.170,0.211-0.841,0.870-0.968,0/0/0/0,si,0.169-0.564,0.567-0.973,0.491,"(3, 1, 1, 1, 0)"
AIM-P003-035.jpg,700,560,3,0.027-0.170,0.211-0.838,0.870-0.968,0/0/0/0,si,0.167-0.564,0.567-0.979,0.489,"(3, 1, 1, 1, 0)"
AIM-P003-036.jpg,700,560,3,0.027-0.170,0.211-0.838,0.870-0.968,0/0/0/0,si,0.169-0.566,0.569-0.979,0.490,"(3, 1, 1, 1, 0)"
AIM-P003-037.jpg,700,560,3,0.027-0.170,0.211-0.838,0.870-0.968,0/0/0/0,si,0.167-0.570,0.573-0.980,0.488,"(3, 1, 1, 1, 0)"
AIM-P003-038.jpg,700,560,3,0.027-0.170,0.211-0.838,0.870-0.968,0/0/0/0,si,0.169-0.566,0.569-0.979,0.490,"(3, 1, 1, 1, 0)"
AIM-P003-039.jpg,700,560,3,0.027-0.170,0.209-0.838,0.870-0.968,0/0/0/0,si,0.169-0.570,0.573-0.977,0.489,"(3, 1, 1, 1, 0)"
AIM-P003-040.jpg,700,560,3,0.027-0.170,0.211-0.838,0.870-0.968,0/0/0/0,si,0.167-0.563,0.566-0.973,0.493,"(3, 1, 1, 1, 0)"
AIM-P003-041.jpg,700,560,3,0.027-0.170,0.211-0.838,0.870-0.968,0/0/0/0,si,0.169-0.566,0.569-0.973,0.494,"(3, 1, 1, 1, 0)"
AIM-P003-042.jpg,700,560,3,0.027-0.170,0.211-0.838,0.870-0.968,0/0/0/0,si,0.167-0.566,0.569-0.979,0.489,"(3, 1, 1, 1, 0)"
AIM-P003-043.png,700,560,3,0.027-0.170,0.211-0.838,0.870-0.968,0/0/0/0,si,0.167-0.566,0.569-0.973,0.493,"(3, 1, 1, 1, 0)"
AIM-P003-044.jpg,700,560,3,0.027-0.170,0.209-0.838,0.870-0.968,0/0/0/0,si,0.169-0.570,0.573-0.973,0.492,"(3, 1, 1, 1, 0)"
AIM-P003-045.jpg,700,560,3,0.027-0.170,0.211-0.839,0.870-0.968,0/0/0/0,si,0.033-0.204,0.249-0.967,0.410,"(3, 1, 1, 1, 0)"
AIM-P003-046.jpg,700,560,3,0.027-0.170,0.211-0.838,0.870-0.968,0/0/0/0,si,0.169-0.567,0.570-0.973,0.494,"(3, 1, 1, 1, 0)"
AIM-P003-047.jpg,700,560,3,0.027-0.170,0.211-0.838,0.870-0.968,0/0/0/0,si,0.167-0.566,0.569-0.973,0.493,"(3, 1, 1, 1, 0)"
AIM-P003-048.jpg,700,560,3,0.027-0.170,0.209-0.838,0.870-0.968,0/0/0/0,si,0.171-0.566,0.569-0.979,0.490,"(3, 1, 1, 1, 0)"
AIM-P003-049.jpg,4096,3277,3,0.028-0.171,0.209-0.839,0.871-0.969,0/0/0/0,si,0.166-0.566,0.567-0.979,0.488,"(3, 1, 1, 1, 0)"
AIM-P003-050.jpg,700,560,3,0.027-0.170,0.209-0.838,0.870-0.968,0/0/0/0,si,0.169-0.566,0.569-0.973,0.492,"(3, 1, 1, 1, 0)"
AIM-P003-051.jpg,700,560,3,0.027-0.170,0.211-0.838,0.870-0.968,0/0/0/0,si,0.167-0.566,0.569-0.979,0.489,"(3, 1, 1, 1, 0)"
AIM-P003-052.jpg,700,560,3,0.027-0.170,0.211-0.838,0.870-0.968,0/0/0/0,si,0.167-0.563,0.566-0.973,0.493,"(3, 1, 1, 1, 0)"
AIM-P003-053.jpg,700,560,3,0.027-0.170,0.211-0.838,0.870-0.968,0/0/0/0,si,0.167-0.566,0.569-0.967,0.496,"(3, 1, 1, 1, 0)"
AIM-P003-054.png,700,560,3,0.027-0.170,0.211-0.838,0.870-0.968,0/0/0/0,si,0.167-0.566,0.569-0.973,0.493,"(3, 1, 1, 1, 0)"
AIM-P003-055.jpg,700,562,3,0.009-0.158,0.198-0.854,0.886-0.989,0/0/0/0,si,0.156-0.571,0.574-0.999,0.444,"(3, 1, 1, 1, 0)"
AIM-P003-056.jpg,700,560,3,0.027-0.170,0.211-0.838,0.870-0.968,0/0/0/0,si,0.167-0.566,0.569-0.980,0.488,"(3, 1, 1, 1, 0)"
AIM-P003-057.jpg,4096,3277,3,0.028-0.171,0.209-0.839,0.871-0.969,0/0/0/0,si,0.166-0.566,0.572-0.972,0.492,"(3, 1, 1, 1, 0)"
AIM-P003-058.jpg,700,560,3,0.027-0.170,0.211-0.838,0.870-0.968,0/0/0/0,si,0.169-0.570,0.573-0.979,0.490,"(3, 1, 1, 1, 0)"
AIM-P003-059.jpg,700,560,3,0.027-0.170,0.207-0.838,0.870-0.968,0/0/0/0,si,0.169-0.569,0.571-0.973,0.491,"(3, 1, 1, 1, 0)"
AIM-P003-060.jpg,700,560,3,0.027-0.170,0.211-0.838,0.870-0.968,0/0/0/0,si,0.169-0.566,0.569-0.971,0.494,"(3, 1, 1, 1, 0)"
AIM-P004-001.jpg,700,560,3,0.027-0.170,0.211-0.838,0.870-0.968,0/0/0/0,si,0.167-0.563,0.566-0.967,0.496,"(3, 1, 1, 1, 0)"
AIM-P004-002.jpg,700,560,3,0.027-0.170,0.211-0.838,0.870-0.968,0/0/0/0,si,0.167-0.566,0.569-0.979,0.489,"(3, 1, 1, 1, 0)"
AIM-P004-003.jpg,700,560,3,0.027-0.170,0.211-0.838,0.870-0.968,0/0/0/0,si,0.170-0.567,0.570-0.979,0.491,"(3, 1, 1, 1, 0)"
AIM-P004-004.jpg,700,560,3,0.027-0.170,0.211-0.838,0.870-0.968,0/0/0/0,si,0.169-0.566,0.569-0.973,0.494,"(3, 1, 1, 1, 0)"
AIM-P004-005.jpg,700,560,3,0.027-0.170,0.211-0.838,0.870-0.968,0/0/0/0,si,0.167-0.563,0.566-0.973,0.493,"(3, 1, 1, 1, 0)"
AIM-P004-006.jpg,700,560,3,0.027-0.170,0.211-0.838,0.870-0.968,0/0/0/0,si,0.167-0.566,0.569-0.973,0.493,"(3, 1, 1, 1, 0)"
AIM-P004-007.png,700,560,3,0.027-0.170,0.211-0.838,0.870-0.968,0/0/0/0,si,0.167-0.566,0.569-0.973,0.493,"(3, 1, 1, 1, 0)"
AIM-P004-008.jpg,700,562,3,0.020-0.167,0.206-0.851,0.881-0.984,0/0/0/0,si,0.159-0.566,0.569-0.990,0.462,"(3, 1, 1, 1, 0)"
AIM-P004-009.jpg,700,562,3,0.016-0.164,0.203-0.854,0.884-0.988,0/0/0/0,si,0.156-0.567,0.570-0.997,0.450,"(3, 1, 1, 1, 0)"
AIM-P004-010.jpg,700,560,3,0.027-0.170,0.211-0.839,0.870-0.968,0/0/0/0,si,0.169-0.567,0.570-0.977,0.489,"(3, 1, 1, 1, 0)"
AIM-P004-011.jpg,700,560,3,0.027-0.170,0.211-0.838,0.870-0.968,0/0/0/0,si,0.167-0.564,0.567-0.979,0.489,"(3, 1, 1, 1, 0)"
AIM-P004-012.jpg,700,560,3,0.027-0.170,0.211-0.838,0.870-0.968,0/0/0/0,si,0.034-0.213,0.261-0.514,0.697,"(3, 1, 1, 1, 0)"
AIM-P004-013.jpg,700,560,3,0.027-0.170,0.211-0.838,0.870-0.968,0/0/0/0,si,0.169-0.569,0.571-0.973,0.494,"(3, 1, 1, 1, 0)"
AIM-P004-014.jpg,700,560,3,0.027-0.170,0.211-0.838,0.870-0.968,0/0/0/0,si,0.169-0.563,0.566-0.977,0.491,"(3, 1, 1, 1, 0)"
AIM-P004-015.jpg,4096,3277,3,0.028-0.171,0.209-0.839,0.871-0.969,0/0/0/0,si,0.166-0.564,0.564-0.976,0.489,"(3, 1, 1, 1, 0)"
AIM-P004-016.jpg,700,560,3,0.027-0.170,0.211-0.843,0.870-0.968,0/0/0/0,si,0.167-0.563,0.566-0.973,0.488,"(3, 1, 1, 1, 0)"
AIM-P004-017.jpg,700,560,3,0.027-0.170,0.211-0.838,0.870-0.968,0/0/0/0,si,0.169-0.599,,0.122,"(3, 1, 1, 1, 0)"
AIM-P004-018.jpg,700,560,3,0.027-0.170,0.211-0.838,0.870-0.968,0/0/0/0,si,0.169-0.566,0.569-0.973,0.494,"(3, 1, 1, 1, 0)"
AIM-P004-019.jpg,700,560,3,0.027-0.170,0.211-0.838,0.870-0.968,0/0/0/0,si,0.169-0.566,0.569-0.973,0.494,"(3, 1, 1, 1, 0)"
AIM-P004-020.jpg,700,560,3,0.027-0.170,0.211-0.838,0.870-0.968,0/0/0/0,si,0.167-0.566,0.569-0.973,0.493,"(3, 1, 1, 1, 0)"
AIM-P004-021.jpg,700,560,3,0.027-0.170,0.211-0.838,0.870-0.968,0/0/0/0,si,0.169-0.566,0.569-0.979,0.490,"(3, 1, 1, 1, 0)"
AIM-P004-022.jpg,700,562,3,0.016-0.162,0.203-0.849,0.879-0.995,0/0/0/0,si,0.156-0.566,0.569-0.990,0.459,"(3, 1, 1, 1, 0)"
AIM-P004-023.jpg,700,560,3,0.027-0.170,0.211-0.838,0.870-0.968,0/0/0/0,si,0.167-0.567,0.570-0.979,0.489,"(3, 1, 1, 1, 0)"
AIM-P004-024.jpg,4096,3277,3,0.028-0.171,0.209-0.839,0.871-0.969,0/0/0/0,si,0.166-0.566,0.567-0.976,0.489,"(3, 1, 1, 1, 0)"
AIM-P004-025.jpg,800,640,3,0.028-0.170,0.211-0.838,0.870-0.969,0/0/0/0,si,0.033-0.212,0.233-0.530,0.687,"(3, 1, 1, 1, 0)"
AIM-P004-026.jpg,700,560,3,0.027-0.170,0.211-0.838,0.870-0.968,0/0/0/0,si,0.169-0.566,0.569-0.979,0.490,"(3, 1, 1, 1, 0)"
AIM-P004-027.jpg,700,560,3,0.027-0.170,0.211-0.838,0.870-0.968,0/0/0/0,si,0.169-0.566,0.569-0.973,0.494,"(3, 1, 1, 1, 0)"
AIM-P004-028.gif,700,560,3,0.027-0.170,0.211-0.841,0.870-0.968,0/0/0/0,si,0.167-0.564,0.567-0.976,0.488,"(3, 1, 1, 1, 0)"
AIM-P004-029.jpg,700,562,3,0.007-0.157,0.198-0.854,0.884-0.989,0/0/0/0,si,0.154-0.571,0.574-0.999,0.443,"(3, 1, 1, 1, 0)"
AIM-P004-030.jpg,700,560,3,0.027-0.170,0.211-0.838,0.870-0.968,0/0/0/0,si,0.169-0.566,0.569-0.967,0.497,"(3, 1, 1, 1, 0)"
AIM-P004-031.jpg,700,560,3,0.027-0.170,0.209-0.838,0.870-0.968,0/0/0/0,si,0.170-0.570,0.573-0.979,0.489,"(3, 1, 1, 1, 0)"
AIM-P004-032.jpg,800,640,3,0.028-0.170,0.211-0.838,0.870-0.969,0/0/0/0,si,0.168-0.565,0.568-0.979,0.490,"(3, 1, 1, 1, 0)"
AIM-P004-033.jpg,700,560,3,0.027-0.170,0.207-0.838,0.870-0.968,0/0/0/0,si,0.167-0.603,0.676-0.877,0.550,"(3, 1, 1, 1, 0)"
AIM-P004-034.jpg,700,560,3,0.027-0.170,0.211-0.846,0.870-0.968,0/0/0/0,si,0.169-0.570,0.573-0.973,0.486,"(3, 1, 1, 1, 0)"
AIM-P004-035.jpg,700,560,3,0.027-0.170,0.211-0.838,0.870-0.968,0/0/0/0,si,0.167-0.566,0.569-0.973,0.493,"(3, 1, 1, 1, 0)"
AIM-P004-036.jpg,700,560,3,0.027-0.170,0.211-0.838,0.870-0.968,0/0/0/0,si,0.167-0.570,0.573-0.973,0.493,"(3, 1, 1, 1, 0)"
AIM-P004-037.jpg,4096,3277,3,0.028-0.171,0.211-0.839,0.871-0.969,0/0/0/0,si,0.166-0.566,0.567-0.976,0.491,"(3, 1, 1, 1, 0)"
AIM-P004-038.jpg,700,560,3,0.027-0.170,0.211-0.838,0.870-0.968,0/0/0/0,si,0.169-0.567,0.570-0.967,0.497,"(3, 1, 1, 1, 0)"
AIM-P004-039.png,700,560,3,0.027-0.170,0.211-0.838,0.870-0.968,0/0/0/0,si,0.167-0.566,0.569-0.973,0.493,"(3, 1, 1, 1, 0)"
AIM-P004-040.jpg,700,560,3,0.027-0.170,0.211-0.838,0.870-0.968,0/0/0/0,si,0.169-0.566,0.569-0.973,0.494,"(3, 1, 1, 1, 0)"
AIM-P004-041.jpg,700,560,3,0.027-0.170,0.211-0.838,0.870-0.968,0/0/0/0,si,0.169-0.566,0.569-0.973,0.494,"(3, 1, 1, 1, 0)"
AIM-P004-042.jpg,4096,3277,3,0.029-0.172,0.211-0.840,0.872-0.970,0/0/0/0,si,0.166-0.630,,0.125,"(3, 1, 1, 1, 0)"
AIM-P004-043.jpg,700,560,3,0.027-0.170,0.211-0.838,0.868-0.966,0/0/0/0,si,0.167-0.570,0.573-0.973,0.493,"(3, 1, 1, 1, 0)"
AIM-P004-044.jpg,700,560,3,0.027-0.170,0.211-0.838,0.870-0.968,0/0/0/0,si,0.169-0.566,0.569-0.977,0.491,"(3, 1, 1, 1, 0)"
AIM-P004-045.jpg,800,640,3,0.028-0.170,0.211-0.838,0.870-0.969,0/0/0/0,si,0.168-0.565,0.568-0.979,0.490,"(3, 1, 1, 1, 0)"
AIM-P004-046.jpg,700,560,3,0.027-0.170,0.211-0.838,0.870-0.968,0/0/0/0,si,0.167-0.563,0.566-0.973,0.493,"(3, 1, 1, 1, 0)"
AIM-P004-047.jpg,700,560,3,0.027-0.170,0.211-0.838,0.870-0.968,0/0/0/0,si,0.169-0.566,0.569-0.980,0.489,"(3, 1, 1, 1, 0)"
AIM-P004-048.jpg,4096,3277,3,0.033-0.175,0.204-0.836,0.864-0.962,0/0/0/0,si,0.166-0.566,0.567-0.974,0.489,"(3, 1, 1, 1, 0)"
AIM-P004-049.jpg,700,560,3,0.027-0.170,0.211-0.838,0.870-0.968,0/0/0/0,si,0.169-0.566,0.569-0.973,0.494,"(3, 1, 1, 1, 0)"
AIM-P004-050.jpg,700,560,3,0.027-0.170,0.211-0.838,0.870-0.968,0/0/0/0,si,0.167-0.567,0.570-0.973,0.493,"(3, 1, 1, 1, 0)"
AIM-P004-051.jpg,700,560,3,0.027-0.170,0.211-0.838,0.870-0.968,0/0/0/0,si,0.167-0.563,0.566-0.973,0.493,"(3, 1, 1, 1, 0)"
AIM-P004-052.jpg,700,560,3,0.027-0.170,0.209-0.838,0.870-0.968,0/0/0/0,si,0.169-0.570,0.573-0.973,0.492,"(3, 1, 1, 1, 0)"
AIM-P004-053.jpg,700,560,3,0.027-0.170,0.211-0.839,0.870-0.968,0/0/0/0,si,0.169-0.566,0.569-0.977,0.489,"(3, 1, 1, 1, 0)"
AIM-P004-054.png,700,560,3,0.027-0.170,0.211-0.838,0.870-0.968,0/0/0/0,si,0.033-0.204,0.281-0.876,0.469,"(3, 1, 1, 1, 0)"
AIM-P004-055.jpg,700,560,3,0.027-0.170,0.211-0.838,0.870-0.968,0/0/0/0,si,0.167-0.563,0.566-0.979,0.489,"(3, 1, 1, 1, 0)"
AIM-P004-056.jpg,700,560,3,0.027-0.170,0.211-0.838,0.870-0.968,0/0/0/0,si,0.169-0.570,0.573-0.979,0.490,"(3, 1, 1, 1, 0)"
AIM-P004-057.jpg,700,560,3,0.027-0.170,0.211-0.838,0.870-0.968,0/0/0/0,si,0.033-0.204,0.226-0.599,0.644,"(3, 1, 1, 1, 0)"
AIM-P004-058.jpg,700,560,3,0.027-0.170,0.211-0.838,0.868-0.966,0/0/0/0,si,0.169-0.566,0.569-0.973,0.494,"(3, 1, 1, 1, 0)"
AIM-P004-059.jpg,700,562,3,0.005-0.153,0.194-0.838,0.872-0.973,0/0/0/0,si,0.159-0.569,0.571-0.993,0.460,"(3, 1, 1, 1, 0)"
AIM-P004-060.png,700,560,3,0.027-0.170,0.211-0.838,0.870-0.968,0/0/0/0,si,0.167-0.566,0.569-0.973,0.493,"(3, 1, 1, 1, 0)"
AIM-P005-001.jpg,700,560,3,0.027-0.170,0.211-0.838,0.870-0.968,0/0/0/0,si,0.167-0.563,0.566-0.973,0.493,"(3, 1, 1, 1, 0)"
AIM-P005-002.jpg,700,560,3,0.027-0.170,0.211-0.838,0.870-0.968,0/0/0/0,si,0.169-0.566,0.569-0.973,0.494,"(3, 1, 1, 1, 0)"
AIM-P005-003.jpg,700,560,3,0.027-0.170,0.211-0.838,0.870-0.968,0/0/0/0,si,0.169-0.566,0.569-0.973,0.494,"(3, 1, 1, 1, 0)"
AIM-P005-004.jpg,700,560,3,0.027-0.170,0.211-0.838,0.870-0.968,0/0/0/0,si,0.167-0.567,0.570-0.967,0.496,"(3, 1, 1, 1, 0)"
AIM-P005-005.png,700,560,3,0.027-0.170,0.211-0.838,0.870-0.968,0/0/0/0,si,0.167-0.566,0.569-0.980,0.488,"(3, 1, 1, 1, 0)"
AIM-P005-006.jpg,700,560,3,0.027-0.170,0.211-0.838,0.870-0.968,0/0/0/0,si,0.167-0.566,0.569-0.973,0.493,"(3, 1, 1, 1, 0)"
AIM-P005-007.jpg,700,560,3,0.029-0.171,0.211-0.839,0.871-0.970,0/0/0/0,si,0.167-0.569,0.571-0.976,0.489,"(3, 1, 1, 1, 0)"
AIM-P005-008.jpg,4096,3277,3,0.028-0.171,0.211-0.839,0.871-0.969,0/0/0/0,si,0.166-0.562,0.563-0.975,0.491,"(3, 1, 1, 1, 0)"
AIM-P005-009.jpg,700,560,3,0.027-0.170,0.211-0.838,0.870-0.968,0/0/0/0,si,0.167-0.566,0.569-0.980,0.488,"(3, 1, 1, 1, 0)"
AIM-P005-010.jpg,700,560,3,0.029-0.171,0.211-0.839,0.871-0.970,0/0/0/0,si,0.167-0.566,0.569-0.976,0.489,"(3, 1, 1, 1, 0)"
AIM-P005-011.jpg,700,560,3,0.027-0.170,0.211-0.838,0.870-0.968,0/0/0/0,si,0.167-0.567,0.570-0.973,0.493,"(3, 1, 1, 1, 0)"
AIM-P005-012.jpg,700,560,3,0.027-0.170,0.211-0.838,0.870-0.968,0/0/0/0,si,0.167-0.563,0.566-0.973,0.493,"(3, 1, 1, 1, 0)"
AIM-P005-013.jpg,700,560,3,0.027-0.170,0.211-0.838,0.870-0.968,0/0/0/0,si,0.167-0.566,0.569-0.979,0.489,"(3, 1, 1, 1, 0)"
AIM-P005-014.jpg,700,560,3,0.029-0.171,0.211-0.839,0.871-0.970,0/0/0/0,si,0.169-0.567,0.570-0.976,0.490,"(3, 1, 1, 1, 0)"
AIM-P005-015.jpg,700,560,3,0.027-0.170,0.211-0.838,0.870-0.968,0/0/0/0,si,0.167-0.566,0.569-0.973,0.493,"(3, 1, 1, 1, 0)"
AIM-P005-016.jpg,700,560,3,0.027-0.170,0.211-0.838,0.868-0.966,0/0/0/0,si,0.169-0.570,0.573-0.973,0.494,"(3, 1, 1, 1, 0)"
AIM-P005-017.jpg,700,562,3,0.016-0.162,0.203-0.845,0.877-0.979,0/0/0/0,si,0.156-0.563,0.566-0.987,0.464,"(3, 1, 1, 1, 0)"
AIM-P005-018.jpg,700,560,3,0.027-0.170,0.211-0.838,0.870-0.968,0/0/0/0,si,0.169-0.566,0.569-0.973,0.494,"(3, 1, 1, 1, 0)"
AIM-P005-019.jpg,700,560,3,0.027-0.170,0.211-0.838,0.870-0.968,0/0/0/0,si,0.169-0.566,0.569-0.979,0.490,"(3, 1, 1, 1, 0)"
AIM-P005-020.jpg,4096,3277,3,0.028-0.171,0.211-0.839,0.871-0.969,0/0/0/0,si,0.166-0.562,0.563-0.974,0.492,"(3, 1, 1, 1, 0)"
AIM-P005-021.jpg,700,560,3,0.027-0.170,0.211-0.838,0.870-0.968,0/0/0/0,si,0.167-0.566,0.569-0.979,0.489,"(3, 1, 1, 1, 0)"
AIM-P005-022.jpg,700,560,3,0.027-0.170,0.209-0.838,0.870-0.968,0/0/0/0,si,0.169-0.570,0.573-0.973,0.492,"(3, 1, 1, 1, 0)"
AIM-P005-023.jpg,700,560,3,0.027-0.170,0.209-0.838,0.870-0.968,0/0/0/0,si,0.169-0.566,0.569-0.973,0.492,"(3, 1, 1, 1, 0)"
AIM-P005-024.jpg,700,560,3,0.027-0.170,0.211-0.838,0.868-0.966,0/0/0/0,si,0.169-0.566,0.569-0.973,0.494,"(3, 1, 1, 1, 0)"
AIM-P005-025.jpg,700,560,3,0.027-0.170,0.211-0.838,0.870-0.968,0/0/0/0,si,0.167-0.563,0.566-0.973,0.493,"(3, 1, 1, 1, 0)"
AIM-P005-026.jpg,700,560,3,0.027-0.170,0.211-0.838,0.870-0.968,0/0/0/0,si,0.167-0.566,0.569-0.980,0.488,"(3, 1, 1, 1, 0)"
AIM-P005-027.jpg,700,560,3,0.029-0.171,0.211-0.839,0.871-0.970,0/0/0/0,si,0.167-0.570,0.573-0.976,0.489,"(3, 1, 1, 1, 0)"
AIM-P005-028.jpg,700,560,3,0.027-0.170,0.209-0.839,0.870-0.970,0/0/0/0,si,0.169-0.566,0.569-0.979,0.487,"(3, 1, 1, 1, 0)"
AIM-P005-029.jpg,700,560,3,0.027-0.170,0.211-0.838,0.870-0.968,0/0/0/0,si,0.167-0.570,0.573-0.977,0.490,"(3, 1, 1, 1, 0)"
AIM-P005-030.jpg,700,560,3,0.027-0.170,0.209-0.838,0.870-0.968,0/0/0/0,si,0.169-0.566,0.569-0.973,0.492,"(3, 1, 1, 1, 0)"
AIM-P005-031.jpg,700,560,3,0.027-0.170,0.207-0.838,0.870-0.968,0/0/0/0,si,0.170-0.570,0.573-0.977,0.489,"(3, 1, 1, 1, 0)"
AIM-P005-032.jpg,700,560,3,0.027-0.170,0.211-0.838,0.870-0.968,0/0/0/0,si,0.169-0.573,0.576-0.973,0.494,"(3, 1, 1, 1, 0)"
AIM-P005-033.png,700,560,3,0.027-0.170,0.211-0.838,0.870-0.968,0/0/0/0,si,0.167-0.566,0.569-0.973,0.493,"(3, 1, 1, 1, 0)"
AIM-P005-034.jpg,700,560,3,0.027-0.170,0.211-0.838,0.870-0.968,0/0/0/0,si,0.167-0.570,0.573-0.979,0.489,"(3, 1, 1, 1, 0)"
AIM-P005-035.jpg,4096,3277,3,0.028-0.171,0.211-0.839,0.871-0.969,0/0/0/0,si,0.185-0.575,0.576-0.981,0.500,"(3, 1, 1, 1, 0)"
AIM-P005-036.jpg,700,560,3,0.027-0.170,0.211-0.838,0.870-0.968,0/0/0/0,si,0.167-0.567,0.570-0.973,0.493,"(3, 1, 1, 1, 0)"
AIM-P005-037.jpg,700,560,3,0.027-0.170,0.211-0.838,0.870-0.968,0/0/0/0,si,0.167-0.566,0.569-0.973,0.493,"(3, 1, 1, 1, 0)"
AIM-P005-038.png,700,560,3,0.027-0.170,0.211-0.838,0.870-0.968,0/0/0/0,si,0.167-0.566,0.569-0.973,0.493,"(3, 1, 1, 1, 0)"
AIM-P005-039.jpg,700,560,3,0.027-0.170,0.211-0.838,0.870-0.968,0/0/0/0,si,0.167-0.570,0.573-0.980,0.488,"(3, 1, 1, 1, 0)"
AIM-P005-040.jpg,700,560,3,0.027-0.170,0.211-0.838,0.870-0.968,0/0/0/0,si,0.169-0.566,0.569-0.973,0.494,"(3, 1, 1, 1, 0)"
AIM-P005-041.jpg,700,560,3,0.027-0.170,0.211-0.838,0.870-0.968,0/0/0/0,si,0.167-0.563,0.566-0.973,0.493,"(3, 1, 1, 1, 0)"
AIM-P005-042.jpg,700,560,3,0.029-0.171,0.211-0.839,0.871-0.970,0/0/0/0,si,0.167-0.569,0.571-0.976,0.489,"(3, 1, 1, 1, 0)"
AIM-P005-043.jpg,700,560,3,0.027-0.170,0.211-0.838,0.870-0.968,0/0/0/0,si,0.167-0.566,0.569-0.979,0.489,"(3, 1, 1, 1, 0)"
AIM-P005-044.jpg,700,560,3,0.029-0.171,0.211-0.839,0.871-0.970,0/0/0/0,si,0.167-0.566,0.569-0.973,0.491,"(3, 1, 1, 1, 0)"
AIM-P005-045.jpg,700,560,3,0.027-0.170,0.209-0.838,0.870-0.968,0/0/0/0,si,0.169-0.569,0.571-0.973,0.492,"(3, 1, 1, 1, 0)"
AIM-P005-046.jpg,700,562,3,0.014-0.160,0.199-0.842,0.874-0.973,0/0/0/0,si,0.161-0.569,0.571-0.993,0.464,"(3, 1, 1, 1, 0)"
AIM-P005-047.jpg,700,562,3,0.016-0.164,0.205-0.851,0.881-0.982,0/0/0/0,si,0.157-0.567,0.570-0.993,0.458,"(3, 1, 1, 1, 0)"
AIM-P005-048.png,700,560,3,0.027-0.170,0.211-0.838,0.870-0.968,0/0/0/0,si,0.167-0.566,0.569-0.973,0.493,"(3, 1, 1, 1, 0)"
AIM-P005-049.jpg,700,560,3,0.027-0.170,0.211-0.838,0.870-0.968,0/0/0/0,si,0.169-0.566,0.569-0.973,0.494,"(3, 1, 1, 1, 0)"
AIM-P005-050.png,700,560,3,0.027-0.170,0.211-0.838,0.870-0.968,0/0/0/0,si,0.167-0.566,0.569-0.973,0.493,"(3, 1, 1, 1, 0)"
AIM-P005-051.jpg,4096,3277,3,0.028-0.171,0.211-0.839,0.871-0.969,0/0/0/0,si,0.166-0.566,0.567-0.974,0.492,"(3, 1, 1, 1, 0)"
AIM-P005-052.jpg,700,560,3,0.027-0.170,0.211-0.838,0.870-0.968,0/0/0/0,si,0.167-0.567,0.570-0.979,0.489,"(3, 1, 1, 1, 0)"
AIM-P005-053.jpg,700,560,3,0.027-0.170,0.211-0.838,0.870-0.968,0/0/0/0,si,0.167-0.564,0.567-0.979,0.489,"(3, 1, 1, 1, 0)"
AIM-P005-054.jpg,700,560,3,0.027-0.170,0.211-0.838,0.870-0.968,0/0/0/0,si,0.167-0.567,0.570-0.973,0.493,"(3, 1, 1, 1, 0)"
AIM-P005-055.png,510,408,3,0.027-0.169,0.211-0.838,0.870-0.968,0/0/0/0,si,0.171-0.567,0.571-0.975,0.492,"(3, 1, 1, 1, 0)"
AIM-P005-056.jpg,700,560,3,0.027-0.170,0.211-0.838,0.870-0.968,0/0/0/0,si,0.169-0.566,0.569-0.973,0.494,"(3, 1, 1, 1, 0)"
AIM-P005-057.jpg,700,560,3,0.027-0.170,0.211-0.838,0.870-0.968,0/0/0/0,si,0.169-0.566,0.569-0.977,0.491,"(3, 1, 1, 1, 0)"
AIM-P005-058.jpg,700,560,3,0.027-0.170,0.211-0.838,0.870-0.968,0/0/0/0,si,0.167-0.564,0.567-0.979,0.489,"(3, 1, 1, 1, 0)"
AIM-P005-059.jpg,700,560,3,0.027-0.170,0.209-0.838,0.870-0.968,0/0/0/0,si,0.169-0.566,0.569-0.973,0.492,"(3, 1, 1, 1, 0)"
AIM-P005-060.jpg,700,560,3,0.027-0.170,0.211-0.838,0.870-0.968,0/0/0/0,si,0.169-0.566,0.569-0.973,0.494,"(3, 1, 1, 1, 0)"
AIM-P006-001.jpg,700,560,3,0.027-0.170,0.211-0.838,0.870-0.968,0/0/0/0,si,0.169-0.567,0.570-0.979,0.490,"(3, 1, 1, 1, 0)"
AIM-P006-002.jpg,700,562,3,0.016-0.162,0.201-0.838,0.868-0.970,0/0/0/0,si,0.153-0.557,0.560-0.977,0.473,"(3, 1, 1, 1, 0)"
AIM-P006-003.jpg,700,560,3,0.027-0.170,0.211-0.838,0.870-0.968,0/0/0/0,si,0.167-0.564,0.567-0.979,0.489,"(3, 1, 1, 1, 0)"
AIM-P006-004.jpg,700,560,3,0.027-0.170,0.211-0.838,0.870-0.968,0/0/0/0,si,0.167-0.569,0.571-0.973,0.493,"(3, 1, 1, 1, 0)"
AIM-P006-005.jpg,700,560,3,0.027-0.170,0.211-0.838,0.870-0.968,0/0/0/0,si,0.167-0.566,0.569-0.973,0.493,"(3, 1, 1, 1, 0)"
AIM-P006-006.jpg,700,560,3,0.027-0.170,0.207-0.839,0.870-0.968,0/0/0/0,si,0.169-0.570,0.573-0.979,0.486,"(3, 1, 1, 1, 0)"
AIM-P006-007.png,700,560,3,0.027-0.170,0.211-0.838,0.870-0.968,0/0/0/0,si,0.167-0.566,0.569-0.973,0.493,"(3, 1, 1, 1, 0)"
AIM-P006-008.jpg,700,560,3,0.027-0.170,0.211-0.838,0.870-0.968,0/0/0/0,si,0.167-0.566,0.569-0.973,0.493,"(3, 1, 1, 1, 0)"
AIM-P006-009.jpg,700,560,3,0.027-0.170,0.211-0.838,0.870-0.968,0/0/0/0,si,0.167-0.564,0.567-0.979,0.489,"(3, 1, 1, 1, 0)"
AIM-P006-010.jpg,4096,3277,3,0.028-0.171,0.211-0.839,0.871-0.969,0/0/0/0,si,0.166-0.566,0.567-0.970,0.494,"(3, 1, 1, 1, 0)"
AIM-P006-011.jpg,700,560,3,0.027-0.170,0.211-0.838,0.870-0.968,0/0/0/0,si,0.167-0.570,0.573-0.973,0.493,"(3, 1, 1, 1, 0)"
AIM-P006-012.jpg,700,562,3,0.011-0.160,0.201-0.858,0.890-0.993,0/0/0/0,si,0.159-0.574,0.577-0.999,0.446,"(3, 1, 1, 1, 0)"
AIM-P006-013.jpg,700,560,3,0.027-0.170,0.211-0.838,0.870-0.968,0/0/0/0,si,0.167-0.566,0.569-0.979,0.489,"(3, 1, 1, 1, 0)"
AIM-P006-014.jpg,700,560,3,0.027-0.170,0.211-0.838,0.870-0.968,0/0/0/0,si,0.169-0.566,0.569-0.971,0.494,"(3, 1, 1, 1, 0)"
AIM-P006-015.png,700,560,3,0.027-0.170,0.211-0.838,0.870-0.968,0/0/0/0,si,0.167-0.566,0.569-0.973,0.493,"(3, 1, 1, 1, 0)"
AIM-P006-016.jpg,700,560,3,0.027-0.170,0.211-0.838,0.870-0.968,0/0/0/0,si,0.169-0.567,0.570-0.977,0.491,"(3, 1, 1, 1, 0)"
AIM-P006-017.jpg,700,560,3,0.027-0.170,0.209-0.838,0.870-0.968,0/0/0/0,si,0.167-0.569,0.571-0.980,0.487,"(3, 1, 1, 1, 0)"
AIM-P006-018.jpg,700,560,3,0.029-0.171,0.211-0.839,0.871-0.970,0/0/0/0,si,0.167-0.566,0.569-0.976,0.489,"(3, 1, 1, 1, 0)"
AIM-P006-019.jpg,700,560,3,0.027-0.170,0.211-0.838,0.870-0.968,0/0/0/0,si,0.196-0.320,,0.122,"(3, 1, 1, 1, 0)"
AIM-P006-020.jpg,700,560,3,0.029-0.171,0.211-0.839,0.871-0.970,0/0/0/0,si,0.167-0.564,0.567-0.976,0.489,"(3, 1, 1, 1, 0)"
AIM-P006-021.jpg,700,560,3,0.027-0.170,0.211-0.838,0.870-0.968,0/0/0/0,si,0.167-0.566,0.569-0.973,0.493,"(3, 1, 1, 1, 0)"
AIM-P006-022.jpg,700,560,3,0.027-0.170,0.211-0.841,0.870-0.968,0/0/0/0,si,0.169-0.566,0.569-0.984,0.483,"(3, 1, 1, 1, 0)"
AIM-P006-023.jpg,700,560,3,0.027-0.170,0.211-0.838,0.870-0.968,0/0/0/0,si,0.167-0.564,0.567-0.979,0.489,"(3, 1, 1, 1, 0)"
AIM-P006-024.jpg,700,560,3,0.027-0.170,0.209-0.838,0.870-0.968,0/0/0/0,si,0.169-0.570,0.573-0.979,0.489,"(3, 1, 1, 1, 0)"
AIM-P006-025.jpg,700,560,3,0.027-0.170,0.209-0.838,0.870-0.968,0/0/0/0,si,0.167-0.570,0.573-0.973,0.491,"(3, 1, 1, 1, 0)"
AIM-P006-026.jpg,700,560,3,0.027-0.170,0.209-0.838,0.870-0.968,0/0/0/0,si,0.169-0.569,0.571-0.973,0.492,"(3, 1, 1, 1, 0)"
AIM-P006-027.jpg,700,560,3,0.027-0.170,0.211-0.838,0.870-0.968,0/0/0/0,si,0.167-0.566,0.569-0.979,0.489,"(3, 1, 1, 1, 0)"
AIM-P006-028.png,700,560,3,0.027-0.170,0.198-0.827,0.863-0.977,0/0/0/0,si,0.167-0.566,0.569-0.973,0.491,"(3, 1, 1, 1, 0)"
AIM-P006-029.jpg,700,560,3,0.027-0.170,0.211-0.838,0.870-0.968,0/0/0/0,si,0.169-0.566,0.569-0.973,0.494,"(3, 1, 1, 1, 0)"
AIM-P006-030.jpg,700,560,3,0.027-0.170,0.211-0.838,0.868-0.966,0/0/0/0,si,0.167-0.570,0.573-0.973,0.493,"(3, 1, 1, 1, 0)"
AIM-P006-031.jpg,700,560,3,0.027-0.170,0.211-0.838,0.870-0.968,0/0/0/0,si,0.169-0.570,0.573-0.979,0.490,"(3, 1, 1, 1, 0)"
AIM-P006-032.jpg,700,560,3,0.027-0.170,0.211-0.839,0.870-0.968,0/0/0/0,si,0.169-0.567,0.570-0.977,0.489,"(3, 1, 1, 1, 0)"
AIM-P006-033.jpg,700,560,3,0.027-0.170,0.211-0.838,0.870-0.968,0/0/0/0,si,0.167-0.564,0.567-0.979,0.489,"(3, 1, 1, 1, 0)"
AIM-P006-034.jpg,700,560,3,0.027-0.170,0.209-0.838,0.870-0.968,0/0/0/0,si,0.169-0.569,0.571-0.973,0.492,"(3, 1, 1, 1, 0)"
AIM-P006-035.jpg,700,560,3,0.027-0.171,0.209-0.839,0.868-0.970,0/0/0/0,si,0.169-0.569,0.571-0.974,0.490,"(3, 1, 1, 1, 0)"
AIM-P006-036.jpg,700,560,3,0.027-0.170,0.211-0.838,0.870-0.968,0/0/0/0,si,0.169-0.566,0.569-0.973,0.494,"(3, 1, 1, 1, 0)"
AIM-P006-037.jpg,700,560,3,0.027-0.170,0.209-0.838,0.870-0.968,0/0/0/0,si,0.169-0.566,0.569-0.973,0.492,"(3, 1, 1, 1, 0)"
AIM-P006-038.jpg,700,560,3,0.029-0.171,0.211-0.839,0.871-0.970,0/0/0/0,si,0.169-0.570,0.573-0.974,0.491,"(3, 1, 1, 1, 0)"
AIM-P006-039.jpg,700,560,3,0.027-0.170,0.211-0.838,0.870-0.968,0/0/0/0,si,0.167-0.564,0.567-0.977,0.490,"(3, 1, 1, 1, 0)"
AIM-P006-040.png,700,560,3,0.027-0.170,0.211-0.838,0.870-0.968,0/0/0/0,si,0.167-0.566,0.569-0.973,0.493,"(3, 1, 1, 1, 0)"
AIM-P006-041.jpg,700,560,3,0.027-0.170,0.211-0.838,0.870-0.968,0/0/0/0,si,0.169-0.570,0.573-0.973,0.494,"(3, 1, 1, 1, 0)"
AIM-P006-042.jpg,4096,3277,3,0.028-0.171,0.211-0.839,0.871-0.969,0/0/0/0,si,0.166-0.565,0.565-0.973,0.493,"(3, 1, 1, 1, 0)"
AIM-P006-043.jpg,700,562,3,0.021-0.165,0.206-0.847,0.879-0.998,0/0/0/0,si,0.164-0.571,0.574-0.993,0.467,"(3, 1, 1, 1, 0)"
AIM-P006-044.jpg,700,560,3,0.027-0.170,0.211-0.838,0.870-0.968,0/0/0/0,si,0.170-0.567,0.570-0.979,0.491,"(3, 1, 1, 1, 0)"
AIM-P006-045.jpg,700,560,3,0.027-0.170,0.211-0.838,0.870-0.968,0/0/0/0,si,0.169-0.566,0.569-0.973,0.494,"(3, 1, 1, 1, 0)"
AIM-P006-046.jpg,700,560,3,0.027-0.170,0.211-0.838,0.870-0.968,0/0/0/0,si,0.169-0.567,0.570-0.973,0.494,"(3, 1, 1, 1, 0)"
AIM-P006-047.jpg,700,560,3,0.027-0.170,0.211-0.838,0.868-0.966,0/0/0/0,si,0.169-0.566,0.569-0.973,0.494,"(3, 1, 1, 1, 0)"
AIM-P006-048.jpg,700,560,3,0.027-0.170,0.211-0.838,0.870-0.968,0/0/0/0,si,0.167-0.566,0.569-0.977,0.490,"(3, 1, 1, 1, 0)"
AIM-P006-049.jpg,700,560,3,0.027-0.170,0.211-0.838,0.870-0.968,0/0/0/0,si,0.167-0.599,0.674-0.867,0.559,"(3, 1, 1, 1, 0)"
AIM-P006-050.jpg,700,560,3,0.027-0.170,0.211-0.838,0.870-0.968,0/0/0/0,si,0.167-0.566,0.569-0.977,0.490,"(3, 1, 1, 1, 0)"
AIM-P006-051.png,700,560,3,0.027-0.170,0.211-0.838,0.870-0.968,0/0/0/0,si,0.167-0.564,0.567-0.977,0.490,"(3, 1, 1, 1, 0)"
AIM-P006-052.jpg,700,560,3,0.027-0.170,0.211-0.838,0.870-0.968,0/0/0/0,si,0.167-0.566,0.569-0.973,0.493,"(3, 1, 1, 1, 0)"
AIM-P006-053.jpg,700,560,3,0.027-0.170,0.211-0.838,0.870-0.968,0/0/0/0,si,0.167-0.570,0.573-0.980,0.488,"(3, 1, 1, 1, 0)"
AIM-P006-054.png,700,560,3,0.027-0.170,0.211-0.838,0.870-0.968,0/0/0/0,si,0.167-0.563,0.566-0.971,0.494,"(3, 1, 1, 1, 0)"
AIM-P006-055.jpg,700,560,3,0.029-0.171,0.211-0.839,0.871-0.970,0/0/0/0,si,0.167-0.569,0.571-0.976,0.489,"(3, 1, 1, 1, 0)"
AIM-P006-056.jpg,700,560,3,0.027-0.170,0.211-0.838,0.870-0.968,0/0/0/0,si,0.167-0.566,0.569-0.979,0.489,"(3, 1, 1, 1, 0)"
AIM-P006-057.jpg,700,560,3,0.027-0.170,0.211-0.838,0.870-0.968,0/0/0/0,si,0.167-0.566,0.569-0.973,0.493,"(3, 1, 1, 1, 0)"
AIM-P006-058.png,700,560,3,0.027-0.170,0.211-0.838,0.870-0.968,0/0/0/0,si,0.167-0.566,0.569-0.973,0.493,"(3, 1, 1, 1, 0)"
AIM-P006-059.jpg,700,560,3,0.027-0.170,0.211-0.838,0.870-0.968,0/0/0/0,si,0.167-0.570,0.573-0.977,0.490,"(3, 1, 1, 1, 0)"
AIM-P006-060.jpg,700,560,3,0.027-0.170,0.211-0.838,0.870-0.968,0/0/0/0,si,0.167-0.567,0.570-0.973,0.493,"(3, 1, 1, 1, 0)"
AIM-P007-001.jpg,700,560,3,0.027-0.170,0.209-0.838,0.870-0.968,0/0/0/0,si,0.169-0.566,0.569-0.979,0.489,"(3, 1, 1, 1, 0)"
AIM-P007-002.jpg,700,560,3,0.027-0.170,0.211-0.838,0.870-0.968,0/0/0/0,si,0.167-0.569,0.571-0.977,0.490,"(3, 1, 1, 1, 0)"
AIM-P007-003.png,700,560,3,0.027-0.170,0.211-0.838,0.870-0.968,0/0/0/0,si,0.167-0.566,0.569-0.973,0.493,"(3, 1, 1, 1, 0)"
AIM-P007-004.jpg,700,560,3,0.027-0.170,0.211-0.838,0.870-0.968,0/0/0/0,si,0.167-0.566,0.569-0.973,0.493,"(3, 1, 1, 1, 0)"
AIM-P007-005.jpg,700,560,3,0.027-0.170,0.211-0.838,0.870-0.968,0/0/0/0,si,0.167-0.566,0.569-0.973,0.493,"(3, 1, 1, 1, 0)"
AIM-P007-006.gif,700,562,3,0.025-0.169,0.208-0.843,0.874-0.973,0/0/0/0,si,0.160-0.561,0.564-0.974,0.480,"(3, 1, 1, 1, 0)"
AIM-P007-007.jpg,700,560,3,0.027-0.170,0.211-0.838,0.870-0.968,0/0/0/0,si,0.167-0.566,0.569-0.973,0.493,"(3, 1, 1, 1, 0)"
AIM-P007-008.jpg,700,573,3,0.042-0.182,0.220-0.829,0.860-0.955,0/0/0/0,si,0.170-0.566,0.569-0.970,0.510,"(3, 1, 1, 1, 0)"
AIM-P007-009.jpg,4096,3277,3,0.028-0.171,0.211-0.839,0.871-0.969,0/0/0/0,si,0.166-0.567,0.568-0.978,0.490,"(3, 1, 1, 1, 0)"
AIM-P007-010.gif,700,560,3,0.025-0.173,0.207-0.836,0.868-0.971,0/0/0/0,si,0.166-0.564,0.567-0.974,0.489,"(3, 1, 1, 1, 0)"
AIM-P007-011.jpg,700,573,3,0.042-0.182,0.220-0.829,0.860-0.955,0/0/0/0,si,0.170-0.564,0.567-0.970,0.510,"(3, 1, 1, 1, 0)"
AIM-P007-012.jpg,700,560,3,0.027-0.170,0.211-0.838,0.870-0.968,0/0/0/0,si,0.169-0.566,0.569-0.977,0.491,"(3, 1, 1, 1, 0)"
AIM-P007-013.jpg,800,640,3,0.028-0.170,0.211-0.838,0.870-0.969,0/0/0/0,si,0.168-0.565,0.568-0.979,0.490,"(3, 1, 1, 1, 0)"
AIM-P007-014.jpg,700,560,3,0.027-0.170,0.211-0.838,0.870-0.968,0/0/0/0,si,0.167-0.566,0.569-0.973,0.493,"(3, 1, 1, 1, 0)"
AIM-P007-015.jpg,700,560,3,0.027-0.170,0.211-0.838,0.870-0.968,0/0/0/0,si,0.167-0.563,0.566-0.977,0.490,"(3, 1, 1, 1, 0)"
AIM-P007-016.jpg,700,560,3,0.027-0.170,0.211-0.838,0.870-0.968,0/0/0/0,si,0.167-0.566,0.569-0.977,0.490,"(3, 1, 1, 1, 0)"
AIM-P007-017.jpg,700,560,3,0.029-0.171,0.211-0.839,0.871-0.970,0/0/0/0,si,0.169-0.567,0.570-0.976,0.490,"(3, 1, 1, 1, 0)"
AIM-P007-018.gif,700,562,3,0.023-0.169,0.208-0.847,0.879-0.980,0/0/0/0,si,0.164-0.571,0.574-0.987,0.472,"(3, 1, 1, 1, 0)"
AIM-P007-019.jpg,700,560,3,0.027-0.170,0.211-0.838,0.870-0.968,0/0/0/0,si,0.167-0.570,0.573-0.977,0.490,"(3, 1, 1, 1, 0)"
AIM-P007-020.gif,700,560,3,0.025-0.173,0.207-0.836,0.868-0.971,0/0/0/0,si,0.166-0.564,0.567-0.971,0.491,"(3, 1, 1, 1, 0)"
AIM-P007-021.jpg,700,560,3,0.027-0.170,0.211-0.838,0.870-0.968,0/0/0/0,si,0.167-0.567,0.570-0.977,0.490,"(3, 1, 1, 1, 0)"
AIM-P007-022.jpg,700,560,3,0.027-0.170,0.211-0.841,0.870-0.968,0/0/0/0,si,0.169-0.570,0.573-0.979,0.487,"(3, 1, 1, 1, 0)"
AIM-P007-023.gif,700,560,3,0.025-0.173,0.207-0.836,0.868-0.971,0/0/0/0,si,0.169-0.567,0.570-0.983,0.486,"(3, 1, 1, 1, 0)"
AIM-P007-024.jpg,800,640,3,0.028-0.170,0.211-0.838,0.870-0.969,0/0/0/0,si,0.168-0.565,0.568-0.979,0.490,"(3, 1, 1, 1, 0)"
AIM-P007-025.jpg,700,560,3,0.027-0.170,0.211-0.838,0.870-0.968,0/0/0/0,si,0.167-0.567,0.570-0.973,0.493,"(3, 1, 1, 1, 0)"
AIM-P007-026.jpg,700,560,3,0.027-0.170,0.211-0.838,0.870-0.968,0/0/0/0,si,0.167-0.566,0.569-0.973,0.493,"(3, 1, 1, 1, 0)"
AIM-P007-027.jpg,700,560,3,0.027-0.170,0.211-0.838,0.870-0.968,0/0/0/0,si,0.169-0.567,0.570-0.979,0.490,"(3, 1, 1, 1, 0)"
AIM-P007-028.jpg,700,560,3,0.029-0.171,0.211-0.839,0.871-0.970,0/0/0/0,si,0.167-0.566,0.569-0.976,0.489,"(3, 1, 1, 1, 0)"
AIM-P007-029.png,700,560,3,0.027-0.170,0.211-0.838,0.870-0.968,0/0/0/0,si,0.167-0.566,0.569-0.973,0.493,"(3, 1, 1, 1, 0)"
AIM-P007-030.jpg,800,640,3,0.028-0.170,0.211-0.838,0.870-0.969,0/0/0/0,si,0.168-0.565,0.568-0.979,0.490,"(3, 1, 1, 1, 0)"
AIM-P007-031.gif,700,560,3,0.025-0.173,0.205-0.836,0.868-0.971,0/0/0/0,si,0.169-0.567,0.570-0.980,0.486,"(3, 1, 1, 1, 0)"
AIM-P007-032.gif,700,562,3,0.021-0.165,0.205-0.840,0.872-0.972,0/0/0/0,si,0.160-0.563,0.566-0.976,0.479,"(3, 1, 1, 1, 0)"
AIM-P007-033.png,700,560,3,0.027-0.170,0.211-0.838,0.870-0.968,0/0/0/0,si,0.167-0.556,0.559-0.973,0.493,"(3, 1, 1, 1, 0)"
AIM-P007-034.jpg,700,560,3,0.027-0.170,0.211-0.838,0.870-0.968,0/0/0/0,si,0.167-0.570,0.573-0.977,0.490,"(3, 1, 1, 1, 0)"
AIM-P007-035.jpg,700,560,3,0.029-0.171,0.211-0.839,0.871-0.970,0/0/0/0,si,0.167-0.570,0.573-0.976,0.489,"(3, 1, 1, 1, 0)"
AIM-P007-036.jpg,700,573,3,0.042-0.182,0.220-0.829,0.860-0.955,0/0/0/0,si,0.170-0.566,0.569-0.970,0.510,"(3, 1, 1, 1, 0)"
AIM-P007-037.jpg,700,560,3,0.027-0.170,0.211-0.838,0.870-0.968,0/0/0/0,si,0.169-0.566,0.569-0.973,0.494,"(3, 1, 1, 1, 0)"
AIM-P007-038.jpg,700,560,3,0.027-0.170,0.211-0.838,0.870-0.968,0/0/0/0,si,0.167-0.566,0.569-0.977,0.490,"(3, 1, 1, 1, 0)"
AIM-P007-039.jpg,4096,3277,3,0.028-0.171,0.211-0.839,0.871-0.969,0/0/0/0,si,0.166-0.566,0.567-0.977,0.490,"(3, 1, 1, 1, 0)"
AIM-P007-040.jpg,700,560,3,0.027-0.170,0.211-0.838,0.870-0.968,0/0/0/0,si,0.167-0.569,0.571-0.977,0.490,"(3, 1, 1, 1, 0)"
AIM-P007-041.jpg,700,560,3,0.027-0.170,0.211-0.838,0.870-0.968,0/0/0/0,si,0.169-0.570,0.573-0.973,0.494,"(3, 1, 1, 1, 0)"
AIM-P007-042.png,700,560,3,0.027-0.170,0.211-0.838,0.870-0.968,0/0/0/0,si,0.167-0.566,0.569-0.977,0.490,"(3, 1, 1, 1, 0)"
AIM-P007-043.jpg,700,560,3,0.027-0.170,0.211-0.838,0.870-0.968,0/0/0/0,si,0.167-0.566,0.569-0.973,0.493,"(3, 1, 1, 1, 0)"
AIM-P007-044.jpg,4096,3277,3,0.028-0.171,0.210-0.839,0.871-0.969,0/0/0/0,si,0.166-0.566,0.567-0.976,0.491,"(3, 1, 1, 1, 0)"
AIM-P007-045.jpg,800,640,3,0.028-0.170,0.211-0.838,0.870-0.969,0/0/0/0,si,0.168-0.565,0.568-0.979,0.490,"(3, 1, 1, 1, 0)"
AIM-P007-046.gif,700,560,3,0.025-0.173,0.207-0.836,0.868-0.971,0/0/0/0,si,0.169-0.557,0.560-0.971,0.493,"(3, 1, 1, 1, 0)"
AIM-P007-047.jpg,700,560,3,0.027-0.170,0.211-0.838,0.870-0.968,0/0/0/0,si,0.167-0.566,0.569-0.977,0.490,"(3, 1, 1, 1, 0)"
AIM-P007-048.jpg,700,560,3,0.027-0.170,0.211-0.838,0.870-0.968,0/0/0/0,si,0.167-0.566,0.569-0.973,0.493,"(3, 1, 1, 1, 0)"
AIM-P007-049.jpg,700,560,3,0.027-0.170,0.209-0.839,0.870-0.968,0/0/0/0,si,0.167-0.569,0.571-0.973,0.490,"(3, 1, 1, 1, 0)"
AIM-P007-050.jpg,700,560,3,0.027-0.170,0.211-0.839,0.870-0.968,0/0/0/0,si,0.169-0.559,0.561-0.970,0.494,"(3, 1, 1, 1, 0)"
AIM-P007-051.jpg,800,640,3,0.028-0.170,0.211-0.838,0.870-0.969,0/0/0/0,si,0.168-0.565,0.568-0.979,0.490,"(3, 1, 1, 1, 0)"
AIM-P007-052.gif,700,560,3,0.025-0.173,0.207-0.836,0.868-0.971,0/0/0/0,si,0.169-0.560,0.563-0.976,0.490,"(3, 1, 1, 1, 0)"
AIM-P007-053.jpg,700,560,3,0.027-0.170,0.211-0.838,0.870-0.968,0/0/0/0,si,0.167-0.567,0.570-0.977,0.490,"(3, 1, 1, 1, 0)"
AIM-P007-054.jpg,700,560,3,0.027-0.170,0.211-0.838,0.870-0.968,0/0/0/0,si,0.167-0.566,0.569-0.977,0.490,"(3, 1, 1, 1, 0)"
AIM-P007-055.gif,700,560,3,0.025-0.173,0.207-0.838,0.868-0.971,0/0/0/0,si,0.169-0.573,0.576-0.974,0.490,"(3, 1, 1, 1, 0)"
AIM-P007-056.jpg,700,560,3,0.027-0.170,0.211-0.838,0.870-0.968,0/0/0/0,si,0.167-0.566,0.569-0.979,0.489,"(3, 1, 1, 1, 0)"
AIM-P007-057.jpg,700,560,3,0.029-0.171,0.211-0.839,0.871-0.970,0/0/0/0,si,0.167-0.569,0.571-0.976,0.489,"(3, 1, 1, 1, 0)"
AIM-P007-058.png,700,560,3,0.027-0.170,0.211-0.838,0.870-0.968,0/0/0/0,si,0.167-0.566,0.569-0.973,0.493,"(3, 1, 1, 1, 0)"
AIM-P007-059.jpg,700,560,3,0.027-0.170,0.211-0.838,0.870-0.968,0/0/0/0,si,0.167-0.569,0.571-0.977,0.490,"(3, 1, 1, 1, 0)"
AIM-P007-060.jpg,700,560,3,0.027-0.170,0.209-0.839,0.870-0.970,0/0/0/0,si,0.169-0.566,0.569-0.979,0.487,"(3, 1, 1, 1, 0)"
AIM-P008-001.jpg,700,560,3,0.027-0.170,0.211-0.838,0.870-0.968,0/0/0/0,si,0.169-0.564,0.567-0.976,0.492,"(3, 1, 1, 1, 0)"
AIM-P008-002.jpg,700,560,3,0.027-0.170,0.211-0.838,0.870-0.968,0/0/0/0,si,0.167-0.566,0.569-0.977,0.490,"(3, 1, 1, 1, 0)"
AIM-P008-003.jpg,800,640,3,0.028-0.170,0.211-0.838,0.870-0.969,0/0/0/0,si,0.168-0.565,0.568-0.979,0.490,"(3, 1, 1, 1, 0)"
AIM-P008-004.jpg,700,560,3,0.027-0.170,0.209-0.838,0.870-0.968,0/0/0/0,si,0.167-0.566,0.569-0.979,0.488,"(3, 1, 1, 1, 0)"
AIM-P008-005.gif,700,562,3,0.014-0.162,0.203-0.852,0.883-0.986,0/0/0/0,si,0.153-0.566,0.569-0.987,0.456,"(3, 1, 1, 1, 0)"
AIM-P008-006.jpg,700,560,3,0.027-0.170,0.211-0.838,0.870-0.968,0/0/0/0,si,0.167-0.566,0.569-0.971,0.494,"(3, 1, 1, 1, 0)"
AIM-P008-007.jpg,4096,3277,3,0.028-0.171,0.207-0.839,0.871-0.969,0/0/0/0,si,0.166-0.562,0.562-0.975,0.489,"(3, 1, 1, 1, 0)"
AIM-P008-008.jpg,700,560,3,0.027-0.170,0.211-0.838,0.870-0.968,0/0/0/0,si,0.169-0.899,,0.108,"(3, 1, 1, 1, 0)"
AIM-P008-009.gif,700,560,3,0.025-0.173,0.207-0.841,0.868-0.971,0/0/0/0,si,0.031-0.206,0.223-0.981,0.395,"(3, 1, 1, 1, 0)"
AIM-P008-010.png,700,560,3,0.027-0.170,0.211-0.838,0.870-0.968,0/0/0/0,si,0.167-0.566,0.569-0.973,0.493,"(3, 1, 1, 1, 0)"
AIM-P008-011.jpg,700,560,3,0.027-0.170,0.211-0.838,0.870-0.968,0/0/0/0,si,0.169-0.564,0.567-0.979,0.490,"(3, 1, 1, 1, 0)"
AIM-P008-012.jpg,700,560,3,0.027-0.170,0.211-0.838,0.870-0.968,0/0/0/0,si,0.169-0.566,0.569-0.977,0.491,"(3, 1, 1, 1, 0)"
AIM-P008-013.jpg,700,560,3,0.027-0.170,0.211-0.838,0.870-0.968,0/0/0/0,si,0.169-0.570,0.573-0.973,0.494,"(3, 1, 1, 1, 0)"
AIM-P008-014.png,700,567,3,0.000-0.150,0.194-0.861,0.894-0.998,70/70/56/56,si,0.143-0.570,0.573-0.999,0.427,"(3, 1, 1, 1, 4)"
AIM-P008-015.jpg,700,560,3,0.027-0.170,0.211-0.838,0.870-0.968,0/0/0/0,si,0.167-0.566,0.569-0.977,0.490,"(3, 1, 1, 1, 0)"
AIM-P008-016.jpg,4096,3277,3,0.028-0.171,0.211-0.839,0.871-0.969,0/0/0/0,si,0.166-0.566,0.567-0.979,0.489,"(3, 1, 1, 1, 0)"
AIM-P008-017.jpg,700,560,3,0.029-0.171,0.211-0.839,0.871-0.970,0/0/0/0,si,0.167-0.564,0.567-0.976,0.489,"(3, 1, 1, 1, 0)"
AIM-P008-018.png,700,560,3,0.027-0.170,0.211-0.838,0.870-0.968,0/0/0/0,si,0.167-0.566,0.569-0.973,0.493,"(3, 1, 1, 1, 0)"
AIM-P008-019.gif,700,560,3,0.025-0.173,0.207-0.839,0.868-0.971,0/0/0/0,si,0.169-0.567,0.570-0.981,0.484,"(3, 1, 1, 1, 0)"
AIM-P008-020.jpg,700,560,3,0.027-0.170,0.211-0.838,0.870-0.968,0/0/0/0,si,0.167-0.567,0.570-0.973,0.493,"(3, 1, 1, 1, 0)"
AIM-P008-021.jpg,700,573,3,0.042-0.180,0.218-0.827,0.859-0.955,0/0/0/0,si,0.173-0.566,0.569-0.970,0.512,"(3, 1, 1, 1, 0)"
AIM-P008-022.jpg,700,560,3,0.029-0.171,0.211-0.839,0.871-0.970,0/0/0/0,si,0.167-0.564,0.567-0.973,0.491,"(3, 1, 1, 1, 0)"
AIM-P008-023.jpg,700,560,3,0.027-0.170,0.211-0.838,0.870-0.968,0/0/0/0,si,0.167-0.566,0.569-0.976,0.491,"(3, 1, 1, 1, 0)"
AIM-P008-024.jpg,700,560,3,0.027-0.170,0.211-0.838,0.870-0.968,0/0/0/0,si,0.167-0.566,0.569-0.979,0.489,"(3, 1, 1, 1, 0)"
AIM-P008-025.jpg,700,560,3,0.027-0.170,0.211-0.841,0.870-0.968,0/0/0/0,si,0.169-0.566,0.569-0.977,0.488,"(3, 1, 1, 1, 0)"
AIM-P008-026.jpg,700,560,3,0.027-0.170,0.211-0.838,0.870-0.968,0/0/0/0,si,0.169-0.567,0.570-0.973,0.494,"(3, 1, 1, 1, 0)"
AIM-P008-027.gif,700,562,3,0.016-0.162,0.203-0.849,0.879-0.982,0/0/0/0,si,0.157-0.486,0.489-0.984,0.463,"(3, 1, 1, 1, 0)"
AIM-P008-028.gif,700,560,3,0.025-0.173,0.207-0.839,0.868-0.971,0/0/0/0,si,0.169-0.567,0.570-0.980,0.485,"(3, 1, 1, 1, 0)"
AIM-P008-029.png,700,560,3,0.027-0.170,0.211-0.838,0.870-0.968,0/0/0/0,si,0.167-0.564,0.567-0.973,0.493,"(3, 1, 1, 1, 0)"
AIM-P008-030.png,700,560,3,0.027-0.170,0.211-0.838,0.870-0.968,0/0/0/0,si,0.167-0.566,0.569-0.973,0.493,"(3, 1, 1, 1, 0)"
AIM-P008-031.jpg,700,560,3,0.027-0.170,0.200-0.838,0.870-0.968,0/0/0/0,si,0.169-0.570,0.573-0.979,0.481,"(3, 1, 1, 1, 0)"
AIM-P008-032.jpg,700,560,3,0.029-0.171,0.211-0.839,0.871-0.970,0/0/0/0,si,0.169-0.566,0.569-0.976,0.490,"(3, 1, 1, 1, 0)"
AIM-P008-033.jpg,700,560,3,0.027-0.170,0.211-0.838,0.870-0.968,0/0/0/0,si,0.167-0.566,0.569-0.977,0.490,"(3, 1, 1, 1, 0)"
AIM-P008-034.jpg,700,560,3,0.027-0.170,0.211-0.838,0.870-0.968,0/0/0/0,si,0.167-0.566,0.569-0.976,0.491,"(3, 1, 1, 1, 0)"
AIM-P008-035.jpg,700,560,3,0.027-0.170,0.211-0.838,0.870-0.968,0/0/0/0,si,0.167-0.561,0.564-0.973,0.493,"(3, 1, 1, 1, 0)"
AIM-P008-036.jpg,700,560,3,0.027-0.170,0.211-0.838,0.870-0.968,0/0/0/0,si,0.167-0.566,0.569-0.977,0.490,"(3, 1, 1, 1, 0)"
AIM-P008-037.jpg,700,560,3,0.027-0.170,0.211-0.838,0.870-0.968,0/0/0/0,si,0.169-0.570,0.573-0.973,0.494,"(3, 1, 1, 1, 0)"
AIM-P008-038.gif,700,560,3,0.025-0.173,0.207-0.838,0.868-0.971,0/0/0/0,si,0.169-0.570,0.573-0.977,0.488,"(3, 1, 1, 1, 0)"
AIM-P008-039.png,700,560,3,0.027-0.170,0.211-0.838,0.870-0.968,0/0/0/0,si,0.167-0.566,0.569-0.973,0.493,"(3, 1, 1, 1, 0)"
AIM-P008-040.jpg,700,560,3,0.029-0.171,0.211-0.839,0.871-0.970,0/0/0/0,si,0.167-0.566,0.569-0.976,0.489,"(3, 1, 1, 1, 0)"
AIM-P008-041.jpg,700,560,3,0.027-0.170,0.211-0.843,0.870-0.968,0/0/0/0,si,0.169-0.570,0.573-0.980,0.485,"(3, 1, 1, 1, 0)"
AIM-P008-042.gif,700,562,3,0.021-0.165,0.205-0.838,0.870-0.970,0/0/0/0,si,0.159-0.560,0.563-0.971,0.483,"(3, 1, 1, 1, 0)"
AIM-P008-043.jpg,700,560,3,0.027-0.170,0.211-0.838,0.870-0.968,0/0/0/0,si,0.167-0.566,0.569-0.977,0.490,"(3, 1, 1, 1, 0)"
AIM-P008-044.jpg,700,560,3,0.027-0.170,0.211-0.838,0.870-0.968,0/0/0/0,si,0.167-0.566,0.569-0.973,0.493,"(3, 1, 1, 1, 0)"
AIM-P008-045.jpg,800,640,3,0.028-0.170,0.211-0.838,0.870-0.969,0/0/0/0,si,0.168-0.565,0.568-0.979,0.490,"(3, 1, 1, 1, 0)"
AIM-P008-046.jpg,700,560,3,0.029-0.171,0.211-0.839,0.871-0.970,0/0/0/0,si,0.169-0.567,0.570-0.976,0.490,"(3, 1, 1, 1, 0)"
AIM-P008-047.jpg,700,573,3,0.042-0.182,0.220-0.829,0.860-0.955,0/0/0/0,si,0.170-0.566,0.569-0.970,0.510,"(3, 1, 1, 1, 0)"
AIM-P008-048.jpg,700,560,3,0.027-0.170,0.211-0.838,0.870-0.968,0/0/0/0,si,0.169-0.566,0.569-0.977,0.491,"(3, 1, 1, 1, 0)"
AIM-P008-049.jpg,700,560,3,0.027-0.170,0.211-0.838,0.870-0.968,0/0/0/0,si,0.169-0.331,0.334-0.969,0.496,"(3, 1, 1, 1, 0)"
AIM-P008-050.jpg,700,560,3,0.029-0.170,0.211-0.843,0.870-0.968,0/0/0/0,si,0.167-0.570,0.573-0.980,0.484,"(3, 1, 1, 1, 0)"
AIM-P008-051.jpg,700,560,3,0.027-0.170,0.211-0.838,0.870-0.968,0/0/0/0,si,0.169-0.566,0.569-0.977,0.491,"(3, 1, 1, 1, 0)"
AIM-P008-052.jpg,700,560,3,0.027-0.170,0.205-0.839,0.870-0.970,0/0/0/0,si,0.171-0.451,0.454-0.977,0.487,"(3, 1, 1, 1, 0)"
AIM-P008-053.jpg,700,560,3,0.027-0.170,0.211-0.838,0.870-0.968,0/0/0/0,si,0.169-0.569,0.571-0.979,0.490,"(3, 1, 1, 1, 0)"
AIM-P008-054.jpg,800,640,3,0.028-0.170,0.209-0.838,0.870-0.969,0/0/0/0,si,0.169-0.565,0.568-0.979,0.489,"(3, 1, 1, 1, 0)"
AIM-P008-055.gif,700,560,3,0.025-0.173,0.207-0.836,0.868-0.971,0/0/0/0,si,0.169-0.567,0.570-0.977,0.489,"(3, 1, 1, 1, 0)"
AIM-P008-056.jpg,700,560,3,0.027-0.170,0.209-0.838,0.870-0.968,0/0/0/0,si,0.167-0.566,0.569-0.973,0.491,"(3, 1, 1, 1, 0)"
AIM-P008-057.jpg,700,573,3,0.042-0.182,0.220-0.829,0.860-0.955,0/0/0/0,si,0.170-0.569,0.571-0.970,0.510,"(3, 1, 1, 1, 0)"
AIM-P008-058.jpg,700,560,3,0.029-0.171,0.211-0.839,0.871-0.970,0/0/0/0,si,0.167-0.560,0.606-0.941,0.511,"(3, 1, 1, 1, 0)"
AIM-P008-059.jpg,700,573,3,0.042-0.182,0.220-0.829,0.860-0.955,0/0/0/0,si,0.170-0.564,0.567-0.970,0.510,"(3, 1, 1, 1, 0)"
AIM-P008-060.jpg,700,560,3,0.027-0.170,0.211-0.843,0.870-0.968,0/0/0/0,si,0.167-0.570,0.573-0.980,0.484,"(3, 1, 1, 1, 0)"
AIM-P009-001.png,700,560,3,0.027-0.170,0.211-0.838,0.870-0.968,0/0/0/0,si,0.167-0.566,0.569-0.973,0.493,"(3, 1, 1, 1, 0)"
AIM-P009-002.jpg,800,640,3,0.028-0.170,0.211-0.838,0.870-0.969,0/0/0/0,si,0.168-0.569,0.571-0.979,0.490,"(3, 1, 1, 1, 0)"
AIM-P009-003.jpg,700,560,3,0.029-0.171,0.211-0.839,0.871-0.970,0/0/0/0,si,0.167-0.566,0.569-0.976,0.489,"(3, 1, 1, 1, 0)"
AIM-P009-004.png,700,560,3,0.027-0.170,0.211-0.838,0.870-0.968,0/0/0/0,si,0.167-0.566,0.569-0.973,0.493,"(3, 1, 1, 1, 0)"
AIM-P009-005.jpg,700,560,3,0.027-0.170,0.211-0.838,0.870-0.968,0/0/0/0,si,0.169-0.566,0.569-0.973,0.494,"(3, 1, 1, 1, 0)"
AIM-P009-006.gif,700,562,3,0.021-0.169,0.210-0.854,0.886-0.988,0/0/0/0,si,0.157-0.567,0.570-0.987,0.463,"(3, 1, 1, 1, 0)"
AIM-P009-007.png,700,560,3,0.027-0.170,0.211-0.838,0.870-0.968,0/0/0/0,si,0.167-0.566,0.569-0.973,0.493,"(3, 1, 1, 1, 0)"
AIM-P009-008.jpg,700,560,3,0.027-0.170,0.211-0.838,0.870-0.968,0/0/0/0,si,0.167-0.566,0.569-0.973,0.493,"(3, 1, 1, 1, 0)"
AIM-P009-009.jpg,4096,3277,3,0.028-0.171,0.211-0.839,0.871-0.969,0/0/0/0,si,0.166-0.566,0.567-0.977,0.490,"(3, 1, 1, 1, 0)"
AIM-P009-010.jpg,700,560,3,0.027-0.170,0.209-0.838,0.870-0.968,0/0/0/0,si,0.169-0.570,0.573-0.979,0.489,"(3, 1, 1, 1, 0)"
AIM-P009-011.jpg,700,560,3,0.029-0.171,0.211-0.839,0.871-0.970,0/0/0/0,si,0.169-0.566,0.569-0.976,0.490,"(3, 1, 1, 1, 0)"
AIM-P009-012.jpg,700,560,3,0.027-0.170,0.211-0.838,0.870-0.968,0/0/0/0,si,0.169-0.566,0.569-0.973,0.494,"(3, 1, 1, 1, 0)"
AIM-P009-013.gif,700,560,3,0.025-0.173,0.207-0.841,0.868-0.971,0/0/0/0,si,0.169-0.569,0.571-0.981,0.482,"(3, 1, 1, 1, 0)"
AIM-P009-014.jpg,800,640,3,0.028-0.170,0.211-0.838,0.870-0.969,0/0/0/0,si,0.168-0.565,0.568-0.979,0.490,"(3, 1, 1, 1, 0)"
AIM-P009-015.jpg,700,560,3,0.027-0.170,0.211-0.838,0.870-0.968,0/0/0/0,si,0.167-0.566,0.569-0.973,0.493,"(3, 1, 1, 1, 0)"
AIM-P009-016.jpg,800,640,3,0.028-0.170,0.211-0.838,0.870-0.969,0/0/0/0,si,0.168-0.565,0.568-0.978,0.490,"(3, 1, 1, 1, 0)"
AIM-P009-017.gif,700,562,3,0.011-0.160,0.201-0.858,0.890-0.995,0/0/0/0,si,0.153-0.571,0.574-0.999,0.442,"(3, 1, 1, 1, 0)"
AIM-P009-018.jpg,700,560,3,0.027-0.170,0.211-0.838,0.870-0.968,0/0/0/0,si,0.167-0.566,0.569-0.977,0.490,"(3, 1, 1, 1, 0)"
AIM-P009-019.jpg,700,560,3,0.027-0.170,0.211-0.838,0.870-0.968,0/0/0/0,si,0.167-0.566,0.569-0.973,0.493,"(3, 1, 1, 1, 0)"
AIM-P009-020.gif,700,560,3,0.027-0.170,0.211-0.838,0.870-0.968,0/0/0/0,si,0.167-0.563,0.566-0.976,0.491,"(3, 1, 1, 1, 0)"
AIM-P009-021.jpg,700,560,3,0.029-0.171,0.211-0.839,0.871-0.970,0/0/0/0,si,0.167-0.567,0.570-0.976,0.489,"(3, 1, 1, 1, 0)"
AIM-P009-022.jpg,700,560,3,0.027-0.170,0.211-0.838,0.870-0.968,0/0/0/0,si,0.169-0.567,0.570-0.973,0.494,"(3, 1, 1, 1, 0)"
AIM-P009-023.jpeg,1600,1280,3,0.028-0.170,0.211-0.838,0.870-0.969,0/0/0/0,si,0.166-0.566,0.567-0.974,0.492,"(3, 1, 1, 1, 0)"
AIM-P009-024.jpg,800,640,3,0.028-0.170,0.211-0.838,0.870-0.969,0/0/0/0,si,0.168-0.565,0.568-0.979,0.490,"(3, 1, 1, 1, 0)"
AIM-P009-025.jpg,700,560,3,0.027-0.170,0.211-0.838,0.870-0.968,0/0/0/0,si,0.169-0.569,0.571-0.979,0.490,"(3, 1, 1, 1, 0)"
AIM-P009-026.gif,700,573,3,0.044-0.182,0.220-0.832,0.860-0.956,0/0/0/0,si,0.170-0.571,0.574-0.983,0.500,"(3, 1, 1, 1, 0)"
AIM-P009-027.jpg,700,560,3,0.027-0.170,0.211-0.838,0.870-0.968,0/0/0/0,si,0.169-0.570,0.573-0.973,0.494,"(3, 1, 1, 1, 0)"
AIM-P009-028.jpg,800,640,3,0.028-0.170,0.211-0.838,0.870-0.969,0/0/0/0,si,0.168-0.565,0.568-0.979,0.490,"(3, 1, 1, 1, 0)"
AIM-P009-029.jpeg,700,573,3,0.042-0.182,0.220-0.829,0.860-0.955,0/0/0/0,si,0.170-0.566,0.569-0.970,0.510,"(3, 1, 1, 1, 0)"
AIM-P009-030.jpg,700,560,3,0.027-0.170,0.211-0.843,0.870-0.968,0/0/0/0,si,0.169-0.570,0.573-0.980,0.485,"(3, 1, 1, 1, 0)"
AIM-P009-031.jpg,700,560,3,0.027-0.170,0.211-0.838,0.870-0.968,0/0/0/0,si,0.167-0.566,0.569-0.977,0.490,"(3, 1, 1, 1, 0)"
AIM-P009-032.gif,700,573,3,0.044-0.182,0.220-0.831,0.860-0.956,0/0/0/0,si,0.170-0.567,0.570-0.973,0.507,"(3, 1, 1, 1, 0)"
AIM-P009-033.jpg,700,573,3,0.042-0.182,0.220-0.829,0.860-0.955,0/0/0/0,si,0.170-0.563,0.566-0.970,0.510,"(3, 1, 1, 1, 0)"
AIM-P009-034.jpg,700,560,3,0.027-0.170,0.209-0.838,0.870-0.968,0/0/0/0,si,0.169-0.570,0.573-0.979,0.489,"(3, 1, 1, 1, 0)"
AIM-P009-035.jpg,700,560,3,0.029-0.171,0.211-0.839,0.871-0.970,0/0/0/0,si,0.167-0.569,0.571-0.976,0.489,"(3, 1, 1, 1, 0)"
AIM-P009-036.jpg,800,640,3,0.028-0.170,0.211-0.838,0.870-0.969,0/0/0/0,si,0.168-0.565,0.568-0.979,0.490,"(3, 1, 1, 1, 0)"
AIM-P009-037.jpg,700,560,3,0.027-0.170,0.211-0.838,0.870-0.968,0/0/0/0,si,0.167-0.569,0.571-0.973,0.493,"(3, 1, 1, 1, 0)"
AIM-P009-038.jpg,2560,2048,3,0.028-0.170,0.211-0.839,0.871-0.969,0/0/0/0,si,0.166-0.565,0.566-0.973,0.493,"(3, 1, 1, 1, 0)"
AIM-P009-039.jpg,700,560,3,0.029-0.171,0.211-0.839,0.871-0.970,0/0/0/0,si,0.167-0.564,0.567-0.976,0.489,"(3, 1, 1, 1, 0)"
AIM-P009-040.jpg,700,560,3,0.027-0.170,0.211-0.838,0.870-0.968,0/0/0/0,si,0.167-0.567,0.570-0.973,0.493,"(3, 1, 1, 1, 0)"
AIM-P009-041.png,700,560,3,0.027-0.170,0.211-0.838,0.870-0.968,0/0/0/0,si,0.167-0.566,0.569-0.973,0.493,"(3, 1, 1, 1, 0)"
AIM-P009-042.png,700,567,3,0.000-0.150,0.194-0.861,0.894-0.998,70/70/56/56,si,0.143-0.570,0.573-0.999,0.427,"(3, 1, 1, 1, 4)"
AIM-P009-043.gif,700,573,3,0.044-0.182,0.220-0.831,0.860-0.956,0/0/0/0,si,0.170-0.567,0.570-0.946,0.524,"(3, 1, 1, 1, 0)"
AIM-P009-044.jpg,700,560,3,0.027-0.170,0.211-0.838,0.870-0.968,0/0/0/0,si,0.167-0.566,0.569-0.973,0.493,"(3, 1, 1, 1, 0)"
AIM-P009-045.jpg,700,560,3,0.027-0.170,0.211-0.838,0.870-0.968,0/0/0/0,si,0.169-0.570,0.573-0.979,0.490,"(3, 1, 1, 1, 0)"
AIM-P009-046.jpg,700,560,3,0.027-0.170,0.211-0.838,0.870-0.968,0/0/0/0,si,0.167-0.564,0.567-0.973,0.493,"(3, 1, 1, 1, 0)"
AIM-P009-047.jpg,700,560,3,0.029-0.170,0.211-0.838,0.870-0.968,0/0/0/0,si,0.169-0.569,0.571-0.981,0.488,"(3, 1, 1, 1, 0)"
AIM-P009-048.jpg,800,640,3,0.028-0.170,0.211-0.838,0.870-0.969,0/0/0/0,si,0.168-0.565,0.568-0.979,0.490,"(3, 1, 1, 1, 0)"
AIM-P009-049.jpg,700,560,3,0.027-0.170,0.211-0.843,0.870-0.968,0/0/0/0,si,0.167-0.570,0.573-0.980,0.484,"(3, 1, 1, 1, 0)"
AIM-P009-050.jpg,800,640,3,0.028-0.170,0.211-0.838,0.870-0.969,0/0/0/0,si,0.168-0.565,0.568-0.979,0.490,"(3, 1, 1, 1, 0)"
AIM-P009-051.jpg,700,560,3,0.027-0.170,0.211-0.839,0.870-0.968,0/0/0/0,si,0.167-0.566,0.569-0.977,0.489,"(3, 1, 1, 1, 0)"
AIM-P009-052.gif,700,573,3,0.044-0.182,0.220-0.834,0.860-0.956,0/0/0/0,si,0.170-0.567,0.570-0.974,0.504,"(3, 1, 1, 1, 0)"
AIM-P009-053.jpg,700,560,3,0.027-0.170,0.211-0.838,0.870-0.968,0/0/0/0,si,0.169-0.567,0.570-0.973,0.494,"(3, 1, 1, 1, 0)"
AIM-P009-054.jpg,700,560,3,0.027-0.170,0.211-0.843,0.870-0.968,0/0/0/0,si,0.167-0.570,0.573-0.980,0.484,"(3, 1, 1, 1, 0)"
AIM-P009-055.gif,700,573,3,0.044-0.182,0.220-0.829,0.860-0.956,0/0/0/0,si,0.170-0.564,0.567-0.973,0.509,"(3, 1, 1, 1, 0)"
AIM-P009-056.jpg,700,560,3,0.027-0.170,0.211-0.838,0.870-0.968,0/0/0/0,si,0.169-0.570,0.573-0.979,0.490,"(3, 1, 1, 1, 0)"
AIM-P009-057.jpg,700,560,3,0.027-0.170,0.211-0.838,0.870-0.968,0/0/0/0,si,0.167-0.566,0.569-0.973,0.493,"(3, 1, 1, 1, 0)"
AIM-P009-058.jpg,700,560,3,0.027-0.170,0.211-0.843,0.870-0.968,0/0/0/0,si,0.167-0.570,0.573-0.980,0.484,"(3, 1, 1, 1, 0)"
AIM-P009-059.jpg,700,560,3,0.029-0.171,0.211-0.839,0.871-0.970,0/0/0/0,si,0.167-0.566,0.569-0.976,0.489,"(3, 1, 1, 1, 0)"
AIM-P009-060.jpg,2560,2048,3,0.028-0.170,0.211-0.839,0.871-0.969,0/0/0/0,si,0.166-0.561,0.562-0.977,0.490,"(3, 1, 1, 1, 0)"
AIM-P010-001.jpg,700,573,3,0.042-0.182,0.218-0.829,0.860-0.955,0/0/0/0,si,0.170-0.567,0.570-0.970,0.509,"(3, 1, 1, 1, 0)"
AIM-P010-002.jpg,700,560,3,0.029-0.171,0.211-0.839,0.871-0.970,0/0/0/0,si,0.169-0.566,0.569-0.976,0.490,"(3, 1, 1, 1, 0)"
AIM-P010-003.jpg,700,560,3,0.029-0.171,0.211-0.839,0.871-0.970,0/0/0/0,si,0.169-0.564,0.567-0.969,0.495,"(3, 1, 1, 1, 0)"
AIM-P010-004.jpg,700,560,3,0.027-0.170,0.209-0.838,0.870-0.968,0/0/0/0,si,0.167-0.570,0.573-0.977,0.489,"(3, 1, 1, 1, 0)"
AIM-P010-005.gif,700,573,3,0.044-0.182,0.220-0.834,0.860-0.956,0/0/0/0,si,0.036-0.207,,0.147,"(3, 1, 1, 1, 0)"
AIM-P010-006.jpg,700,560,3,0.027-0.170,0.211-0.838,0.870-0.968,0/0/0/0,si,0.167-0.566,0.569-0.977,0.490,"(3, 1, 1, 1, 0)"
AIM-P010-007.jpg,700,560,3,0.027-0.170,0.211-0.838,0.870-0.968,0/0/0/0,si,0.167-0.566,0.569-0.973,0.493,"(3, 1, 1, 1, 0)"
AIM-P010-008.jpg,700,560,3,0.027-0.170,0.211-0.838,0.870-0.968,0/0/0/0,si,0.167-0.566,0.569-0.973,0.493,"(3, 1, 1, 1, 0)"
AIM-P010-009.jpg,700,560,3,0.027-0.170,0.211-0.838,0.870-0.968,0/0/0/0,si,0.167-0.566,0.569-0.973,0.493,"(3, 1, 1, 1, 0)"
AIM-P010-010.jpg,700,560,3,0.027-0.170,0.211-0.838,0.870-0.968,0/0/0/0,si,0.169-0.570,0.573-0.979,0.490,"(3, 1, 1, 1, 0)"
AIM-P010-011.jpg,700,560,3,0.027-0.170,0.211-0.838,0.870-0.968,0/0/0/0,si,0.169-0.566,0.569-0.977,0.491,"(3, 1, 1, 1, 0)"
AIM-P010-012.jpg,700,560,3,0.027-0.170,0.211-0.838,0.870-0.968,0/0/0/0,si,0.169-0.566,0.569-0.973,0.494,"(3, 1, 1, 1, 0)"
AIM-P010-013.gif,700,573,3,0.044-0.182,0.220-0.831,0.860-0.956,0/0/0/0,si,0.170-0.566,0.569-0.976,0.506,"(3, 1, 1, 1, 0)"
AIM-P010-014.jpg,700,560,3,0.029-0.171,0.211-0.839,0.871-0.970,0/0/0/0,si,0.169-0.566,0.569-0.976,0.490,"(3, 1, 1, 1, 0)"
AIM-P010-015.jpg,700,560,3,0.027-0.170,0.211-0.843,0.870-0.968,0/0/0/0,si,0.167-0.570,0.573-0.980,0.484,"(3, 1, 1, 1, 0)"
AIM-P010-016.jpg,700,560,3,0.027-0.170,0.211-0.843,0.870-0.968,0/0/0/0,si,0.167-0.570,0.573-0.980,0.484,"(3, 1, 1, 1, 0)"
AIM-P010-017.jpg,700,560,3,0.027-0.170,0.211-0.838,0.870-0.968,0/0/0/0,si,0.169-0.509,,0.122,"(3, 1, 1, 1, 0)"
AIM-P010-018.jpg,700,560,3,0.027-0.170,0.209-0.838,0.870-0.968,0/0/0/0,si,0.169-0.561,0.564-0.979,0.489,"(3, 1, 1, 1, 0)"
AIM-P010-019.gif,700,573,3,0.044-0.182,0.220-0.831,0.860-0.956,0/0/0/0,si,0.170-0.567,0.570-0.976,0.506,"(3, 1, 1, 1, 0)"
AIM-P010-020.jpg,2560,2048,3,0.028-0.170,0.211-0.839,0.871-0.969,0/0/0/0,si,0.166-0.566,0.567-0.973,0.492,"(3, 1, 1, 1, 0)"
AIM-P010-021.jpg,700,560,3,0.025-0.168,0.209-0.836,0.868-0.966,0/0/0/0,si,0.167-0.566,0.569-0.979,0.489,"(3, 1, 1, 1, 0)"
AIM-P010-022.jpg,800,640,3,0.028-0.170,0.211-0.838,0.870-0.969,0/0/0/0,si,0.168-0.565,0.568-0.979,0.490,"(3, 1, 1, 1, 0)"
AIM-P010-023.jpg,700,560,3,0.027-0.170,0.211-0.838,0.870-0.968,0/0/0/0,si,0.167-0.566,0.569-0.973,0.493,"(3, 1, 1, 1, 0)"
AIM-P010-024.jpg,700,560,3,0.027-0.170,0.211-0.843,0.870-0.968,0/0/0/0,si,0.167-0.570,0.573-0.980,0.484,"(3, 1, 1, 1, 0)"
AIM-P010-025.jpg,700,560,3,0.029-0.171,0.211-0.839,0.871-0.970,0/0/0/0,si,0.167-0.569,0.571-0.976,0.489,"(3, 1, 1, 1, 0)"
AIM-P010-026.jpg,700,560,3,0.027-0.170,0.211-0.838,0.870-0.968,0/0/0/0,si,0.167-0.550,0.553-0.979,0.489,"(3, 1, 1, 1, 0)"
AIM-P010-027.png,700,560,3,0.027-0.170,0.211-0.838,0.870-0.968,0/0/0/0,si,0.167-0.566,0.569-0.973,0.493,"(3, 1, 1, 1, 0)"
AIM-P010-028.jpg,700,560,3,0.027-0.170,0.211-0.843,0.870-0.968,0/0/0/0,si,0.167-0.570,0.573-0.980,0.484,"(3, 1, 1, 1, 0)"
AIM-P010-029.gif,700,562,3,0.016-0.164,0.203-0.847,0.879-0.980,0/0/0/0,si,0.160-0.569,0.571-0.987,0.465,"(3, 1, 1, 1, 0)"
AIM-P010-030.png,700,560,3,0.027-0.170,0.211-0.838,0.870-0.968,0/0/0/0,si,0.167-0.566,0.569-0.973,0.493,"(3, 1, 1, 1, 0)"
AIM-P010-031.jpg,2560,2048,3,0.029-0.172,0.211-0.840,0.872-0.970,0/0/0/0,si,0.167-0.559,0.560-0.975,0.490,"(3, 1, 1, 1, 0)"
AIM-P010-032.gif,700,573,3,0.044-0.182,0.220-0.834,0.860-0.956,0/0/0/0,si,0.170-0.569,0.571-0.973,0.505,"(3, 1, 1, 1, 0)"
AIM-P010-033.jpg,700,560,3,0.027-0.170,0.211-0.838,0.870-0.968,0/0/0/0,si,0.167-0.566,0.569-0.973,0.493,"(3, 1, 1, 1, 0)"
AIM-P010-034.jpg,700,560,3,0.027-0.170,0.211-0.838,0.870-0.968,0/0/0/0,si,0.169-0.566,0.569-0.979,0.490,"(3, 1, 1, 1, 0)"
AIM-P010-035.jpg,700,560,3,0.027-0.170,0.211-0.838,0.870-0.968,0/0/0/0,si,0.169-0.570,0.573-0.979,0.490,"(3, 1, 1, 1, 0)"
AIM-P010-036.jpg,700,560,3,0.029-0.171,0.211-0.839,0.871-0.970,0/0/0/0,si,0.167-0.570,0.573-0.976,0.489,"(3, 1, 1, 1, 0)"
AIM-P010-037.png,700,560,3,0.027-0.170,0.211-0.838,0.870-0.968,0/0/0/0,si,0.033-0.204,0.304-0.896,0.457,"(3, 1, 1, 1, 0)"
AIM-P010-038.gif,700,573,3,0.044-0.182,0.220-0.831,0.860-0.956,0/0/0/0,si,0.170-0.567,0.570-0.977,0.505,"(3, 1, 1, 1, 0)"
AIM-P010-039.jpg,800,640,3,0.028-0.170,0.211-0.838,0.870-0.969,0/0/0/0,si,0.168-0.565,0.568-0.979,0.490,"(3, 1, 1, 1, 0)"
AIM-P010-040.jpg,700,560,3,0.027-0.170,0.211-0.838,0.870-0.968,0/0/0/0,si,0.167-0.566,0.569-0.977,0.490,"(3, 1, 1, 1, 0)"
AIM-P010-041.jpg,2560,2048,3,0.028-0.170,0.210-0.839,0.871-0.969,0/0/0/0,si,0.166-0.566,0.566-0.973,0.492,"(3, 1, 1, 1, 0)"
AIM-P010-042.jpg,700,560,3,0.027-0.170,0.211-0.839,0.870-0.968,0/0/0/0,si,0.196-0.571,0.594-0.959,0.518,"(3, 1, 1, 1, 0)"
AIM-P010-043.jpg,700,560,3,0.027-0.170,0.211-0.843,0.870-0.968,0/0/0/0,si,0.167-0.570,0.573-0.980,0.484,"(3, 1, 1, 1, 0)"
AIM-P010-044.jpg,700,560,3,0.027-0.170,0.211-0.838,0.870-0.968,0/0/0/0,si,0.167-0.566,0.569-0.977,0.490,"(3, 1, 1, 1, 0)"
AIM-P010-045.jpg,700,560,3,0.027-0.170,0.211-0.838,0.870-0.968,0/0/0/0,si,0.169-0.569,0.571-0.979,0.490,"(3, 1, 1, 1, 0)"
AIM-P010-046.jpg,700,560,3,0.027-0.170,0.211-0.839,0.870-0.968,0/0/0/0,si,0.167-0.566,0.569-0.973,0.491,"(3, 1, 1, 1, 0)"
AIM-P010-047.jpg,700,560,3,0.027-0.170,0.211-0.838,0.870-0.968,0/0/0/0,si,0.169-0.567,0.570-0.973,0.494,"(3, 1, 1, 1, 0)"
AIM-P010-048.jpg,700,560,3,0.029-0.171,0.211-0.839,0.871-0.970,0/0/0/0,si,0.170-0.570,0.573-0.973,0.493,"(3, 1, 1, 1, 0)"
AIM-P010-049.jpg,700,560,3,0.027-0.170,0.209-0.838,0.870-0.968,0/0/0/0,si,0.167-0.567,0.570-0.977,0.489,"(3, 1, 1, 1, 0)"
AIM-P010-050.gif,700,573,3,0.044-0.182,0.215-0.831,0.860-0.956,0/0/0/0,si,0.170-0.569,0.571-0.973,0.503,"(3, 1, 1, 1, 0)"
AIM-P010-051.gif,700,562,2,,0.011-0.849,0.881-0.982,0/0/0/0,no,0.009-0.587,0.590-0.996,0.170,"(2, 0, 1, 0, 0)"
AIM-P010-052.jpg,700,560,3,0.027-0.170,0.211-0.843,0.870-0.968,0/0/0/0,si,0.167-0.570,0.573-0.980,0.484,"(3, 1, 1, 1, 0)"
AIM-P010-053.gif,700,562,3,0.016-0.164,0.203-0.852,0.884-0.988,0/0/0/0,si,0.159-0.571,0.574-0.994,0.455,"(3, 1, 1, 1, 0)"
AIM-P010-054.jpg,700,573,3,0.042-0.182,0.220-0.829,0.860-0.955,0/0/0/0,si,0.170-0.566,0.569-0.970,0.510,"(3, 1, 1, 1, 0)"
AIM-P010-055.jpg,700,560,3,0.029-0.171,0.211-0.839,0.871-0.970,0/0/0/0,si,0.167-0.566,0.569-0.976,0.489,"(3, 1, 1, 1, 0)"
AIM-P010-056.jpg,700,560,3,0.027-0.170,0.211-0.838,0.870-0.968,0/0/0/0,si,0.167-0.566,0.569-0.973,0.493,"(3, 1, 1, 1, 0)"
AIM-P010-057.png,700,560,3,0.027-0.170,0.211-0.838,0.870-0.968,0/0/0/0,si,0.167-0.566,0.569-0.973,0.493,"(3, 1, 1, 1, 0)"
AIM-P010-058.jpg,700,560,3,0.027-0.170,0.211-0.838,0.870-0.968,0/0/0/0,si,0.167-0.567,0.570-0.977,0.490,"(3, 1, 1, 1, 0)"
AIM-P010-059.jpg,700,560,3,0.029-0.171,0.211-0.839,0.871-0.970,0/0/0/0,si,0.201-0.553,0.596-0.950,0.527,"(3, 1, 1, 1, 0)"
AIM-P010-060.jpg,700,560,3,0.027-0.170,0.211-0.838,0.870-0.968,0/0/0/0,si,0.167-0.566,0.569-0.977,0.490,"(3, 1, 1, 1, 0)"
AIM-P011-001.jpg,700,560,3,0.027-0.170,0.211-0.838,0.870-0.968,0/0/0/0,si,0.167-0.566,0.569-0.973,0.493,"(3, 1, 1, 1, 0)"
AIM-P011-002.gif,700,573,3,0.044-0.182,0.220-0.832,0.860-0.956,0/0/0/0,si,0.170-0.569,0.571-0.971,0.507,"(3, 1, 1, 1, 0)"
AIM-P011-003.jpg,700,560,3,0.027-0.170,0.211-0.838,0.870-0.968,0/0/0/0,si,0.167-0.570,0.573-0.977,0.490,"(3, 1, 1, 1, 0)"
AIM-P011-004.jpg,700,560,3,0.029-0.171,0.211-0.839,0.871-0.970,0/0/0/0,si,0.167-0.567,0.570-0.976,0.489,"(3, 1, 1, 1, 0)"
AIM-P011-005.jpg,700,560,3,0.027-0.170,0.211-0.839,0.870-0.968,0/0/0/0,si,0.169-0.570,0.573-0.979,0.489,"(3, 1, 1, 1, 0)"
AIM-P011-006.gif,700,562,3,0.018-0.164,0.205-0.852,0.883-0.986,0/0/0/0,si,0.160-0.571,0.574-0.991,0.459,"(3, 1, 1, 1, 0)"
AIM-P011-007.jpg,700,560,3,0.027-0.170,0.211-0.838,0.870-0.968,0/0/0/0,si,0.167-0.566,0.569-0.973,0.493,"(3, 1, 1, 1, 0)"
AIM-P011-008.gif,700,573,3,0.044-0.182,0.220-0.829,0.860-0.956,0/0/0/0,si,0.170-0.569,0.571-0.979,0.505,"(3, 1, 1, 1, 0)"
AIM-P011-009.png,700,560,3,0.027-0.170,0.211-0.838,0.870-0.968,0/0/0/0,si,0.167-0.566,0.569-0.973,0.493,"(3, 1, 1, 1, 0)"
AIM-P011-010.jpg,700,560,3,0.027-0.170,0.211-0.838,0.870-0.968,0/0/0/0,si,0.169-0.567,0.570-0.973,0.494,"(3, 1, 1, 1, 0)"
AIM-P011-011.jpg,800,640,3,0.028-0.170,0.211-0.838,0.870-0.969,0/0/0/0,si,0.168-0.565,0.568-0.979,0.490,"(3, 1, 1, 1, 0)"
AIM-P011-012.jpg,700,560,3,0.027-0.170,0.211-0.838,0.870-0.968,0/0/0/0,si,0.167-0.567,0.570-0.977,0.490,"(3, 1, 1, 1, 0)"
AIM-P011-013.jpg,700,560,3,0.027-0.170,0.209-0.838,0.870-0.968,0/0/0/0,si,0.167-0.570,0.573-0.971,0.492,"(3, 1, 1, 1, 0)"
AIM-P011-014.jpg,700,560,3,0.027-0.170,0.211-0.838,0.870-0.968,0/0/0/0,si,0.167-0.569,0.571-0.973,0.493,"(3, 1, 1, 1, 0)"
AIM-P011-015.jpg,700,560,3,0.027-0.170,0.209-0.838,0.870-0.968,0/0/0/0,si,0.169-0.566,0.569-0.977,0.489,"(3, 1, 1, 1, 0)"
AIM-P011-016.jpg,700,560,3,0.027-0.170,0.211-0.838,0.870-0.968,0/0/0/0,si,0.167-0.569,0.571-0.973,0.493,"(3, 1, 1, 1, 0)"
AIM-P011-017.jpg,700,560,3,0.027-0.170,0.211-0.838,0.870-0.968,0/0/0/0,si,0.167-0.566,0.569-0.977,0.490,"(3, 1, 1, 1, 0)"
AIM-P011-018.jpg,700,560,3,0.027-0.170,0.209-0.838,0.870-0.968,0/0/0/0,si,0.169-0.569,0.571-0.977,0.489,"(3, 1, 1, 1, 0)"
AIM-P011-019.jpg,700,560,3,0.027-0.170,0.209-0.838,0.870-0.968,0/0/0/0,si,0.169-0.570,0.573-0.979,0.489,"(3, 1, 1, 1, 0)"
AIM-P011-020.jpg,700,560,3,0.027-0.170,0.211-0.838,0.870-0.968,0/0/0/0,si,0.167-0.566,0.569-0.973,0.493,"(3, 1, 1, 1, 0)"
AIM-P011-021.jpg,700,560,3,0.027-0.170,0.211-0.838,0.870-0.968,0/0/0/0,si,0.167-0.566,0.569-0.973,0.493,"(3, 1, 1, 1, 0)"
AIM-P011-022.jpg,700,560,3,0.027-0.170,0.211-0.838,0.870-0.968,0/0/0/0,si,0.166-0.567,0.570-0.976,0.490,"(3, 1, 1, 1, 0)"
AIM-P011-023.jpg,700,560,3,0.027-0.170,0.211-0.838,0.870-0.968,0/0/0/0,si,0.167-0.466,0.469-0.973,0.493,"(3, 1, 1, 1, 0)"
AIM-P011-024.jpg,700,560,3,0.027-0.170,0.211-0.838,0.870-0.968,0/0/0/0,si,0.167-0.569,0.571-0.977,0.490,"(3, 1, 1, 1, 0)"
AIM-P011-025.gif,700,573,3,0.044-0.182,0.220-0.831,0.860-0.956,0/0/0/0,si,0.170-0.569,0.571-0.971,0.508,"(3, 1, 1, 1, 0)"
AIM-P011-026.jpg,700,560,3,0.027-0.170,0.211-0.843,0.870-0.968,0/0/0/0,si,0.167-0.570,0.573-0.980,0.484,"(3, 1, 1, 1, 0)"
AIM-P011-027.jpg,700,573,3,0.042-0.182,0.220-0.829,0.860-0.955,0/0/0/0,si,0.170-0.567,0.570-0.970,0.510,"(3, 1, 1, 1, 0)"
AIM-P011-028.jpg,700,560,3,0.027-0.170,0.211-0.838,0.870-0.968,0/0/0/0,si,0.167-0.566,0.569-0.977,0.490,"(3, 1, 1, 1, 0)"
AIM-P011-029.jpg,700,560,3,0.027-0.170,0.211-0.838,0.870-0.968,0/0/0/0,si,0.167-0.570,0.573-0.976,0.491,"(3, 1, 1, 1, 0)"
AIM-P011-030.jpg,700,560,3,0.027-0.170,0.211-0.838,0.870-0.968,0/0/0/0,si,0.167-0.566,0.569-0.973,0.493,"(3, 1, 1, 1, 0)"
AIM-P011-031.gif,700,573,3,0.044-0.182,0.220-0.831,0.860-0.956,0/0/0/0,si,0.170-0.566,0.569-0.971,0.508,"(3, 1, 1, 1, 0)"
AIM-P011-032.jpg,700,560,3,0.027-0.170,0.211-0.838,0.870-0.968,0/0/0/0,si,0.169-0.570,0.573-0.976,0.492,"(3, 1, 1, 1, 0)"
AIM-P011-033.jpg,2560,2048,3,0.028-0.170,0.211-0.839,0.871-0.969,0/0/0/0,si,0.166-0.566,0.567-0.973,0.492,"(3, 1, 1, 1, 0)"
AIM-P011-034.jpg,700,560,3,0.027-0.170,0.211-0.838,0.870-0.968,0/0/0/0,si,0.169-0.567,0.570-0.973,0.494,"(3, 1, 1, 1, 0)"
AIM-P011-035.jpg,700,573,3,0.042-0.182,0.220-0.829,0.860-0.955,0/0/0/0,si,0.170-0.570,0.573-0.970,0.510,"(3, 1, 1, 1, 0)"
AIM-P011-036.jpg,700,560,3,0.027-0.170,0.211-0.838,0.870-0.968,0/0/0/0,si,0.167-0.566,0.569-0.977,0.490,"(3, 1, 1, 1, 0)"
AIM-P011-037.jpg,700,560,3,0.027-0.170,0.211-0.838,0.870-0.968,0/0/0/0,si,0.167-0.566,0.569-0.973,0.493,"(3, 1, 1, 1, 0)"
AIM-P011-038.jpg,700,560,3,0.027-0.170,0.211-0.838,0.870-0.968,0/0/0/0,si,0.167-0.566,0.569-0.977,0.490,"(3, 1, 1, 1, 0)"
AIM-P011-039.jpg,700,560,3,0.027-0.170,0.211-0.838,0.870-0.968,0/0/0/0,si,0.167-0.566,0.569-0.973,0.493,"(3, 1, 1, 1, 0)"
AIM-P011-040.jpg,700,560,3,0.027-0.170,0.211-0.838,0.870-0.968,0/0/0/0,si,0.169-0.566,0.569-0.977,0.491,"(3, 1, 1, 1, 0)"
AIM-P011-041.jpg,700,560,3,0.027-0.170,0.211-0.838,0.870-0.968,0/0/0/0,si,0.167-0.570,0.573-0.977,0.490,"(3, 1, 1, 1, 0)"
AIM-P011-042.jpg,700,560,3,0.029-0.171,0.211-0.839,0.871-0.970,0/0/0/0,si,0.169-0.566,0.569-0.973,0.492,"(3, 1, 1, 1, 0)"
AIM-P011-043.jpg,700,560,3,0.027-0.170,0.211-0.838,0.870-0.968,0/0/0/0,si,0.167-0.566,0.569-0.977,0.490,"(3, 1, 1, 1, 0)"
AIM-P011-044.jpg,700,560,3,0.027-0.170,0.211-0.838,0.870-0.968,0/0/0/0,si,0.167-0.566,0.569-0.977,0.490,"(3, 1, 1, 1, 0)"
AIM-P011-045.jpg,700,560,3,0.027-0.170,0.211-0.838,0.870-0.968,0/0/0/0,si,0.169-0.566,0.569-0.973,0.494,"(3, 1, 1, 1, 0)"
AIM-P011-046.png,700,560,3,0.027-0.170,0.211-0.838,0.870-0.968,0/0/0/0,si,0.167-0.566,0.569-0.973,0.493,"(3, 1, 1, 1, 0)"
AIM-P011-047.jpg,700,560,3,0.027-0.170,0.211-0.838,0.870-0.968,0/0/0/0,si,0.167-0.570,0.573-0.973,0.493,"(3, 1, 1, 1, 0)"
AIM-P011-048.jpg,700,560,3,0.027-0.170,0.211-0.838,0.870-0.968,0/0/0/0,si,0.167-0.569,0.571-0.977,0.490,"(3, 1, 1, 1, 0)"
AIM-P011-049.jpg,700,560,3,0.027-0.170,0.211-0.843,0.870-0.968,0/0/0/0,si,0.167-0.570,0.573-0.980,0.484,"(3, 1, 1, 1, 0)"
AIM-P011-050.jpg,700,560,3,0.027-0.170,0.211-0.838,0.870-0.968,0/0/0/0,si,0.169-0.567,0.570-0.977,0.491,"(3, 1, 1, 1, 0)"
AIM-P011-051.gif,700,562,3,0.012-0.162,0.203-0.854,0.886-0.988,0/0/0/0,si,0.154-0.567,0.570-0.990,0.453,"(3, 1, 1, 1, 0)"
AIM-P011-052.jpg,700,560,3,0.029-0.171,0.211-0.839,0.871-0.970,0/0/0/0,si,0.167-0.570,0.573-0.976,0.489,"(3, 1, 1, 1, 0)"
AIM-P011-053.jpg,700,560,3,0.027-0.170,0.211-0.838,0.870-0.968,0/0/0/0,si,0.167-0.566,0.569-0.977,0.490,"(3, 1, 1, 1, 0)"
AIM-P011-054.jpg,700,560,3,0.027-0.170,0.211-0.838,0.870-0.968,0/0/0/0,si,0.167-0.566,0.569-0.973,0.493,"(3, 1, 1, 1, 0)"
AIM-P011-055.jpg,700,560,3,0.027-0.170,0.211-0.838,0.870-0.968,0/0/0/0,si,0.169-0.566,0.569-0.973,0.494,"(3, 1, 1, 1, 0)"
AIM-P011-056.jpg,700,560,3,0.029-0.171,0.211-0.839,0.871-0.970,0/0/0/0,si,0.169-0.566,0.569-0.976,0.490,"(3, 1, 1, 1, 0)"
AIM-P011-057.gif,700,573,3,0.044-0.182,0.220-0.831,0.860-0.956,0/0/0/0,si,0.170-0.564,0.567-0.971,0.508,"(3, 1, 1, 1, 0)"
AIM-P011-058.jpg,700,560,3,0.027-0.170,0.211-0.838,0.870-0.968,0/0/0/0,si,0.167-0.566,0.569-0.977,0.490,"(3, 1, 1, 1, 0)"
AIM-P011-059.jpg,700,560,3,0.027-0.170,0.211-0.838,0.870-0.968,0/0/0/0,si,0.167-0.566,0.569-0.973,0.493,"(3, 1, 1, 1, 0)"
AIM-P011-060.jpg,700,560,3,0.027-0.170,0.211-0.838,0.870-0.968,0/0/0/0,si,0.169-0.603,,0.113,"(3, 1, 1, 1, 0)"
AIM-P012-001.gif,700,573,2,0.044-0.182,0.204-0.956,,0/0/0/0,si,0.190-0.433,0.436-0.967,0.413,"(2, 1, 0, 1, 0)"
AIM-P012-002.jpg,700,573,3,0.040-0.180,0.218-0.827,0.859-0.953,0/0/0/0,si,0.170-0.564,0.567-0.970,0.510,"(3, 1, 1, 1, 0)"
AIM-P012-003.jpg,700,560,3,0.027-0.170,0.211-0.838,0.870-0.968,0/0/0/0,si,0.167-0.566,0.569-0.977,0.490,"(3, 1, 1, 1, 0)"
AIM-P012-004.jpg,2560,2048,3,0.028-0.170,0.211-0.839,0.871-0.969,0/0/0/0,si,0.166-0.566,0.567-0.973,0.492,"(3, 1, 1, 1, 0)"
AIM-P012-005.gif,700,562,3,0.018-0.164,0.203-0.840,0.872-0.973,0/0/0/0,si,0.031-0.237,,0.093,"(3, 1, 1, 1, 0)"
AIM-P012-006.png,700,560,3,0.027-0.170,0.211-0.838,0.870-0.968,0/0/0/0,si,0.167-0.566,0.569-0.973,0.493,"(3, 1, 1, 1, 0)"
AIM-P012-007.jpg,700,560,3,0.027-0.170,0.211-0.838,0.870-0.968,0/0/0/0,si,0.167-0.570,0.573-0.973,0.493,"(3, 1, 1, 1, 0)"
AIM-P012-008.jpg,700,573,3,0.042-0.182,0.220-0.829,0.860-0.955,0/0/0/0,si,0.170-0.566,0.569-0.970,0.510,"(3, 1, 1, 1, 0)"
AIM-P012-009.jpg,700,560,3,0.027-0.170,0.211-0.838,0.870-0.968,0/0/0/0,si,0.169-0.570,0.573-0.973,0.494,"(3, 1, 1, 1, 0)"
AIM-P012-010.jpg,700,560,3,0.027-0.170,0.211-0.838,0.870-0.968,0/0/0/0,si,0.169-0.569,0.571-0.977,0.491,"(3, 1, 1, 1, 0)"
AIM-P012-011.png,700,560,3,0.027-0.170,0.211-0.838,0.870-0.968,0/0/0/0,si,0.167-0.566,0.569-0.973,0.493,"(3, 1, 1, 1, 0)"
AIM-P012-012.jpg,700,560,3,0.027-0.170,0.211-0.838,0.870-0.968,0/0/0/0,si,0.167-0.566,0.569-0.977,0.490,"(3, 1, 1, 1, 0)"
AIM-P012-013.jpg,700,560,3,0.027-0.170,0.211-0.838,0.870-0.968,0/0/0/0,si,0.167-0.566,0.569-0.977,0.490,"(3, 1, 1, 1, 0)"
AIM-P012-014.jpg,700,560,3,0.027-0.170,0.211-0.838,0.870-0.968,0/0/0/0,si,0.167-0.566,0.569-0.979,0.489,"(3, 1, 1, 1, 0)"
AIM-P012-015.gif,700,573,3,0.044-0.182,0.220-0.829,0.860-0.956,0/0/0/0,si,0.170-0.573,0.576-0.973,0.509,"(3, 1, 1, 1, 0)"
AIM-P012-016.jpg,700,560,3,0.029-0.171,0.211-0.839,0.871-0.970,0/0/0/0,si,0.167-0.564,0.567-0.976,0.489,"(3, 1, 1, 1, 0)"
AIM-P012-017.jpg,700,560,3,0.027-0.170,0.211-0.843,0.870-0.968,0/0/0/0,si,0.167-0.570,0.573-0.980,0.484,"(3, 1, 1, 1, 0)"
AIM-P012-018.jpg,700,560,3,0.027-0.170,0.211-0.838,0.870-0.968,0/0/0/0,si,0.169-0.566,0.569-0.973,0.494,"(3, 1, 1, 1, 0)"
AIM-P012-019.jpg,700,560,3,0.027-0.170,0.211-0.838,0.870-0.968,0/0/0/0,si,0.169-0.566,0.569-0.977,0.491,"(3, 1, 1, 1, 0)"
AIM-P012-020.gif,700,562,3,0.020-0.165,0.205-0.845,0.875-0.977,0/0/0/0,si,0.163-0.569,0.571-0.983,0.472,"(3, 1, 1, 1, 0)"
AIM-P012-021.jpg,700,560,3,0.027-0.170,0.209-0.839,0.870-0.968,0/0/0/0,si,0.169-0.570,0.573-0.979,0.487,"(3, 1, 1, 1, 0)"
AIM-P012-022.jpg,700,560,3,0.027-0.170,0.211-0.838,0.870-0.968,0/0/0/0,si,0.167-0.566,0.569-0.973,0.493,"(3, 1, 1, 1, 0)"
AIM-P012-023.jpg,700,560,3,0.027-0.170,0.211-0.843,0.870-0.968,0/0/0/0,si,0.167-0.570,0.573-0.980,0.484,"(3, 1, 1, 1, 0)"
AIM-P012-024.jpg,700,560,3,0.027-0.170,0.209-0.839,0.868-0.970,0/0/0/0,si,0.169-0.567,0.570-0.977,0.488,"(3, 1, 1, 1, 0)"
AIM-P012-025.gif,700,573,3,0.044-0.182,0.220-0.829,0.860-0.956,0/0/0/0,si,0.170-0.561,0.564-0.971,0.510,"(3, 1, 1, 1, 0)"
AIM-P012-026.jpg,700,560,3,0.027-0.170,0.211-0.838,0.870-0.968,0/0/0/0,si,0.169-0.566,0.569-0.973,0.494,"(3, 1, 1, 1, 0)"
AIM-P012-027.jpg,700,560,3,0.027-0.170,0.196-0.838,0.870-0.968,0/0/0/0,si,0.239-0.386,0.389-0.891,0.579,"(3, 1, 1, 1, 0)"
AIM-P012-028.jpg,700,573,3,0.042-0.182,0.220-0.829,0.860-0.955,0/0/0/0,si,0.170-0.566,0.569-0.970,0.510,"(3, 1, 1, 1, 0)"
AIM-P012-029.jpg,2560,2048,3,0.028-0.170,0.211-0.839,0.871-0.969,0/0/0/0,si,0.166-0.566,0.567-0.975,0.491,"(3, 1, 1, 1, 0)"
AIM-P012-030.jpg,700,560,3,0.027-0.170,0.211-0.838,0.870-0.968,0/0/0/0,si,0.167-0.566,0.569-0.973,0.493,"(3, 1, 1, 1, 0)"
AIM-P012-031.gif,700,573,3,0.044-0.182,0.220-0.831,0.860-0.956,0/0/0/0,si,0.170-0.570,0.573-0.971,0.508,"(3, 1, 1, 1, 0)"
AIM-P012-032.jpg,700,560,3,0.027-0.170,0.211-0.838,0.870-0.968,0/0/0/0,si,0.233-0.566,0.569-0.923,0.565,"(3, 1, 1, 1, 0)"
AIM-P012-033.png,700,560,3,0.027-0.170,0.211-0.838,0.870-0.968,0/0/0/0,si,0.167-0.566,0.569-0.973,0.493,"(3, 1, 1, 1, 0)"
AIM-P012-034.png,700,560,3,0.027-0.170,0.211-0.838,0.870-0.968,0/0/0/0,si,0.167-0.566,0.569-0.979,0.489,"(3, 1, 1, 1, 0)"
AIM-P012-035.jpg,700,560,3,0.027-0.170,0.209-0.838,0.870-0.968,0/0/0/0,si,0.169-0.569,0.571-0.979,0.489,"(3, 1, 1, 1, 0)"
AIM-P012-036.jpg,700,560,3,0.029-0.170,0.211-0.838,0.870-0.968,0/0/0/0,si,0.169-0.603,0.631-0.916,0.529,"(3, 1, 1, 1, 0)"
AIM-P012-037.gif,700,562,3,0.027-0.173,0.212-0.847,0.877-0.979,0/0/0/0,si,0.159-0.563,0.566-0.976,0.479,"(3, 1, 1, 1, 0)"
AIM-P012-038.jpg,700,560,3,0.027-0.170,0.211-0.838,0.870-0.968,0/0/0/0,si,0.169-0.567,0.570-0.973,0.494,"(3, 1, 1, 1, 0)"
AIM-P012-039.jpg,700,560,3,0.027-0.170,0.211-0.838,0.870-0.968,0/0/0/0,si,0.169-0.570,0.573-0.977,0.491,"(3, 1, 1, 1, 0)"
AIM-P012-040.jpg,700,560,3,0.027-0.170,0.211-0.838,0.870-0.968,0/0/0/0,si,0.169-0.570,0.573-0.979,0.490,"(3, 1, 1, 1, 0)"
AIM-P012-041.png,700,560,3,0.027-0.170,0.211-0.838,0.870-0.968,0/0/0/0,si,0.167-0.566,0.569-0.973,0.493,"(3, 1, 1, 1, 0)"
AIM-P012-042.gif,700,573,3,0.044-0.182,0.220-0.831,0.860-0.956,0/0/0/0,si,0.170-0.570,0.573-0.983,0.501,"(3, 1, 1, 1, 0)"
AIM-P012-043.jpg,700,560,3,0.027-0.170,0.211-0.838,0.870-0.968,0/0/0/0,si,0.169-0.569,0.571-0.977,0.491,"(3, 1, 1, 1, 0)"
AIM-P012-044.jpg,700,560,3,0.027-0.170,0.211-0.838,0.870-0.968,0/0/0/0,si,0.169-0.566,0.569-0.973,0.494,"(3, 1, 1, 1, 0)"
AIM-P012-045.jpg,700,560,3,0.029-0.171,0.211-0.839,0.871-0.970,0/0/0/0,si,0.167-0.566,0.569-0.976,0.489,"(3, 1, 1, 1, 0)"
AIM-P012-046.jpg,700,560,3,0.027-0.170,0.211-0.838,0.870-0.968,0/0/0/0,si,0.167-0.844,,0.122,"(3, 1, 1, 1, 0)"
AIM-P012-047.jpg,700,560,3,0.027-0.170,0.211-0.838,0.870-0.968,0/0/0/0,si,0.169-0.566,0.569-0.973,0.494,"(3, 1, 1, 1, 0)"
AIM-P012-048.jpg,700,560,3,0.029-0.171,0.211-0.839,0.871-0.970,0/0/0/0,si,0.167-0.567,0.570-0.976,0.489,"(3, 1, 1, 1, 0)"
AIM-P012-049.gif,700,562,3,0.021-0.169,0.208-0.849,0.879-0.982,0/0/0/0,si,0.166-0.571,0.574-0.986,0.472,"(3, 1, 1, 1, 0)"
AIM-P012-050.jpg,700,560,3,0.027-0.170,0.211-0.845,0.870-0.968,0/0/0/0,si,0.167-0.571,0.574-0.980,0.482,"(3, 1, 1, 1, 0)"
AIM-P012-051.jpg,700,560,3,0.027-0.170,0.211-0.841,0.870-0.968,0/0/0/0,si,0.170-0.570,0.573-0.977,0.489,"(3, 1, 1, 1, 0)"
AIM-P012-052.jpg,700,560,3,0.027-0.170,0.211-0.838,0.870-0.968,0/0/0/0,si,0.169-0.566,0.569-0.977,0.491,"(3, 1, 1, 1, 0)"
AIM-P012-053.gif,700,573,3,0.044-0.182,0.220-0.831,0.860-0.956,0/0/0/0,si,0.170-0.563,0.566-0.973,0.507,"(3, 1, 1, 1, 0)"
AIM-P012-054.jpg,700,560,3,0.029-0.171,0.211-0.839,0.871-0.970,0/0/0/0,si,0.169-0.566,0.569-0.976,0.490,"(3, 1, 1, 1, 0)"
AIM-P012-055.png,2560,2048,3,0.028-0.170,0.211-0.839,0.871-0.969,0/0/0/0,si,0.166-0.566,0.567-0.974,0.492,"(3, 1, 1, 1, 0)"
AIM-P012-056.gif,700,573,3,0.044-0.182,0.220-0.832,0.860-0.956,0/0/0/0,si,0.169-0.564,0.567-0.973,0.505,"(3, 1, 1, 1, 0)"
AIM-P012-057.jpg,700,556,3,0.027-0.171,0.212-0.849,0.876-0.975,0/0/0/0,si,0.167-0.570,0.573-0.980,0.480,"(3, 1, 1, 1, 0)"
AIM-P012-058.gif,700,562,3,0.023-0.167,0.208-0.843,0.874-0.975,0/0/0/0,si,0.159-0.561,0.564-0.976,0.479,"(3, 1, 1, 1, 0)"
AIM-P012-059.jpg,700,560,3,0.027-0.170,0.211-0.838,0.870-0.968,0/0/0/0,si,0.167-0.569,0.571-0.973,0.493,"(3, 1, 1, 1, 0)"
AIM-P012-060.jpg,700,560,3,0.027-0.170,0.211-0.843,0.870-0.968,0/0/0/0,si,0.167-0.570,0.573-0.980,0.484,"(3, 1, 1, 1, 0)"
AIM-P013-001.jpg,700,560,3,0.027-0.170,0.211-0.838,0.870-0.968,0/0/0/0,si,0.167-0.570,0.573-0.977,0.490,"(3, 1, 1, 1, 0)"
AIM-P013-002.jpg,700,560,3,0.027-0.170,0.211-0.838,0.870-0.968,0/0/0/0,si,0.167-0.566,0.569-0.973,0.493,"(3, 1, 1, 1, 0)"
AIM-P013-003.jpg,700,560,3,0.027-0.170,0.211-0.838,0.870-0.968,0/0/0/0,si,0.167-0.566,0.569-0.977,0.490,"(3, 1, 1, 1, 0)"
AIM-P013-004.jpg,700,560,3,0.027-0.170,0.211-0.843,0.870-0.968,0/0/0/0,si,0.167-0.570,0.573-0.980,0.484,"(3, 1, 1, 1, 0)"
AIM-P013-005.jpg,700,560,3,0.027-0.170,0.211-0.838,0.870-0.968,0/0/0/0,si,0.169-0.570,0.573-0.977,0.491,"(3, 1, 1, 1, 0)"
AIM-P013-006.jpg,700,573,3,0.042-0.182,0.220-0.829,0.860-0.955,0/0/0/0,si,0.170-0.570,0.573-0.970,0.510,"(3, 1, 1, 1, 0)"
AIM-P013-007.jpg,700,560,3,0.027-0.170,0.211-0.838,0.870-0.968,0/0/0/0,si,0.169-0.567,0.570-0.973,0.494,"(3, 1, 1, 1, 0)"
AIM-P013-008.jpg,2560,2048,3,0.028-0.170,0.211-0.839,0.871-0.969,0/0/0/0,si,0.166-0.567,0.568-0.973,0.492,"(3, 1, 1, 1, 0)"
AIM-P013-009.gif,700,573,3,0.044-0.182,0.220-0.832,0.860-0.956,0/0/0/0,si,0.170-0.564,0.567-0.970,0.508,"(3, 1, 1, 1, 0)"
AIM-P013-010.jpg,700,560,3,0.029-0.171,0.211-0.839,0.871-0.970,0/0/0/0,si,0.167-0.570,0.573-0.976,0.489,"(3, 1, 1, 1, 0)"
AIM-P013-011.png,700,560,3,0.027-0.170,0.211-0.838,0.870-0.968,0/0/0/0,si,0.167-0.566,0.569-0.973,0.493,"(3, 1, 1, 1, 0)"
AIM-P013-012.gif,700,562,3,0.027-0.173,0.214-0.854,0.884-0.975,0/0/0/0,si,0.157-0.564,0.567-0.980,0.471,"(3, 1, 1, 1, 0)"
AIM-P013-013.jpg,700,560,3,0.027-0.170,0.211-0.838,0.870-0.968,0/0/0/0,si,0.170-0.566,0.569-0.973,0.494,"(3, 1, 1, 1, 0)"
AIM-P013-014.jpg,2560,2048,3,0.028-0.170,0.211-0.839,0.871-0.969,0/0/0/0,si,0.166-0.558,0.559-0.973,0.492,"(3, 1, 1, 1, 0)"
AIM-P013-015.jpg,700,560,3,0.027-0.170,0.211-0.838,0.870-0.968,0/0/0/0,si,0.167-0.570,0.573-0.977,0.490,"(3, 1, 1, 1, 0)"
AIM-P013-016.jpg,700,560,3,0.029-0.171,0.211-0.839,0.871-0.970,0/0/0/0,si,0.170-0.570,0.573-0.976,0.491,"(3, 1, 1, 1, 0)"
AIM-P013-017.jpg,700,573,3,0.042-0.182,0.220-0.829,0.860-0.955,0/0/0/0,si,0.170-0.566,0.569-0.970,0.510,"(3, 1, 1, 1, 0)"
AIM-P013-018.gif,700,573,3,0.044-0.182,0.220-0.831,0.860-0.956,0/0/0/0,si,0.170-0.564,0.567-0.971,0.508,"(3, 1, 1, 1, 0)"
AIM-P013-019.png,700,560,3,0.027-0.170,0.211-0.838,0.870-0.968,0/0/0/0,si,0.167-0.566,0.569-0.976,0.491,"(3, 1, 1, 1, 0)"
AIM-P013-020.jpg,700,560,3,0.027-0.170,0.211-0.838,0.870-0.968,0/0/0/0,si,0.169-0.599,,0.122,"(3, 1, 1, 1, 0)"
AIM-P013-021.jpg,700,560,3,0.027-0.170,0.209-0.838,0.870-0.968,0/0/0/0,si,0.169-0.567,0.570-0.973,0.492,"(3, 1, 1, 1, 0)"
AIM-P013-022.jpg,700,560,3,0.027-0.170,0.211-0.838,0.870-0.968,0/0/0/0,si,0.167-0.566,0.569-0.977,0.490,"(3, 1, 1, 1, 0)"
AIM-P013-023.jpg,700,573,3,0.042-0.182,0.220-0.829,0.860-0.955,0/0/0/0,si,0.170-0.566,0.569-0.970,0.510,"(3, 1, 1, 1, 0)"
AIM-P013-024.jpg,800,640,3,0.028-0.170,0.211-0.838,0.870-0.969,0/0/0/0,si,0.168-0.565,0.568-0.979,0.490,"(3, 1, 1, 1, 0)"
AIM-P013-025.gif,700,573,3,0.044-0.182,0.220-0.832,0.860-0.956,0/0/0/0,si,0.170-0.566,0.569-0.973,0.506,"(3, 1, 1, 1, 0)"
AIM-P013-026.jpg,700,560,3,0.027-0.170,0.211-0.843,0.870-0.968,0/0/0/0,si,0.167-0.570,0.573-0.980,0.484,"(3, 1, 1, 1, 0)"
AIM-P013-027.jpg,700,560,3,0.027-0.170,0.211-0.838,0.870-0.968,0/0/0/0,si,0.167-0.566,0.569-0.973,0.493,"(3, 1, 1, 1, 0)"
AIM-P013-028.jpg,700,560,3,0.027-0.170,0.211-0.838,0.870-0.968,0/0/0/0,si,0.167-0.569,0.571-0.973,0.493,"(3, 1, 1, 1, 0)"
AIM-P013-029.jpg,700,560,3,0.027-0.170,0.211-0.838,0.870-0.968,0/0/0/0,si,0.169-0.566,0.569-0.979,0.490,"(3, 1, 1, 1, 0)"
AIM-P013-030.png,700,560,3,0.027-0.170,0.211-0.838,0.870-0.968,0/0/0/0,si,0.167-0.566,0.569-0.973,0.493,"(3, 1, 1, 1, 0)"
AIM-P013-031.jpg,700,560,3,0.027-0.170,0.211-0.838,0.870-0.968,0/0/0/0,si,0.167-0.566,0.569-0.973,0.493,"(3, 1, 1, 1, 0)"
AIM-P013-032.jpg,700,560,3,0.027-0.170,0.211-0.838,0.870-0.968,0/0/0/0,si,0.167-0.566,0.569-0.977,0.490,"(3, 1, 1, 1, 0)"
AIM-P013-033.gif,700,573,3,0.044-0.182,0.220-0.832,0.860-0.956,0/0/0/0,si,0.170-0.566,0.569-0.971,0.507,"(3, 1, 1, 1, 0)"
AIM-P013-034.jpg,700,560,3,0.027-0.170,0.211-0.838,0.870-0.968,0/0/0/0,si,0.169-0.570,0.573-0.973,0.494,"(3, 1, 1, 1, 0)"
AIM-P013-035.jpg,800,640,3,0.028-0.170,0.211-0.838,0.870-0.969,0/0/0/0,si,0.168-0.565,0.568-0.979,0.490,"(3, 1, 1, 1, 0)"
AIM-P013-036.png,700,560,3,0.027-0.170,0.211-0.838,0.870-0.968,0/0/0/0,si,0.167-0.566,0.569-0.973,0.493,"(3, 1, 1, 1, 0)"
AIM-P013-037.gif,700,573,3,0.044-0.182,0.220-0.831,0.860-0.956,0/0/0/0,si,0.170-0.563,0.566-0.970,0.509,"(3, 1, 1, 1, 0)"
AIM-P013-038.jpg,700,560,3,0.027-0.170,0.211-0.843,0.870-0.968,0/0/0/0,si,0.167-0.570,0.573-0.980,0.484,"(3, 1, 1, 1, 0)"
AIM-P013-039.jpg,700,560,3,0.027-0.170,0.211-0.839,0.870-0.970,0/0/0/0,si,0.169-0.566,0.569-0.976,0.490,"(3, 1, 1, 1, 0)"
AIM-P013-040.jpg,700,560,3,0.027-0.170,0.211-0.838,0.870-0.968,0/0/0/0,si,0.167-0.566,0.569-0.977,0.490,"(3, 1, 1, 1, 0)"
AIM-P013-041.jpg,700,560,3,0.027-0.170,0.211-0.838,0.870-0.968,0/0/0/0,si,0.167-0.566,0.569-0.973,0.493,"(3, 1, 1, 1, 0)"
AIM-P013-042.jpg,700,560,3,0.027-0.170,0.211-0.838,0.870-0.968,0/0/0/0,si,0.169-0.599,0.691-0.856,0.567,"(3, 1, 1, 1, 0)"
AIM-P013-043.jpg,700,560,3,0.027-0.170,0.211-0.843,0.870-0.968,0/0/0/0,si,0.167-0.570,0.573-0.980,0.484,"(3, 1, 1, 1, 0)"
AIM-P013-044.jpg,700,560,3,0.027-0.170,0.211-0.838,0.870-0.968,0/0/0/0,si,0.169-0.603,0.654-0.977,0.491,"(3, 1, 1, 1, 0)"
AIM-P013-045.gif,700,573,3,0.044-0.182,0.220-0.834,0.860-0.956,0/0/0/0,si,0.170-0.561,0.564-0.974,0.504,"(3, 1, 1, 1, 0)"
AIM-P013-046.jpg,700,560,3,0.027-0.170,0.211-0.838,0.870-0.968,0/0/0/0,si,0.167-0.566,0.569-0.977,0.490,"(3, 1, 1, 1, 0)"
AIM-P013-047.jpg,700,560,3,0.027-0.170,0.209-0.839,0.870-0.970,0/0/0/0,si,0.169-0.570,0.573-0.979,0.487,"(3, 1, 1, 1, 0)"
AIM-P013-048.jpg,700,560,3,0.027-0.170,0.211-0.838,0.870-0.968,0/0/0/0,si,0.167-0.566,0.569-0.977,0.490,"(3, 1, 1, 1, 0)"
AIM-P013-049.gif,700,573,3,0.044-0.182,0.220-0.832,0.860-0.956,0/0/0/0,si,0.170-0.563,0.566-0.974,0.505,"(3, 1, 1, 1, 0)"
AIM-P013-050.png,700,560,3,0.027-0.170,0.211-0.838,0.870-0.968,0/0/0/0,si,0.167-0.569,0.571-0.973,0.493,"(3, 1, 1, 1, 0)"
AIM-P013-051.jpg,700,560,3,0.027-0.170,0.211-0.838,0.870-0.968,0/0/0/0,si,0.169-0.564,0.567-0.979,0.490,"(3, 1, 1, 1, 0)"
AIM-P013-052.jpg,700,560,3,0.027-0.170,0.211-0.838,0.870-0.968,0/0/0/0,si,0.167-0.566,0.569-0.973,0.493,"(3, 1, 1, 1, 0)"
AIM-P013-053.jpg,700,560,3,0.027-0.170,0.211-0.838,0.870-0.968,0/0/0/0,si,0.169-0.567,0.570-0.977,0.491,"(3, 1, 1, 1, 0)"
AIM-P013-054.gif,700,562,3,0.021-0.167,0.208-0.849,0.879-0.980,0/0/0/0,si,0.159-0.566,0.569-0.981,0.471,"(3, 1, 1, 1, 0)"
AIM-P013-055.gif,700,562,3,0.014-0.162,0.203-0.847,0.879-0.980,0/0/0/0,si,0.157-0.566,0.569-0.986,0.464,"(3, 1, 1, 1, 0)"
AIM-P013-056.jpg,700,560,3,0.027-0.170,0.209-0.838,0.870-0.968,0/0/0/0,si,0.169-0.570,0.573-0.979,0.489,"(3, 1, 1, 1, 0)"
AIM-P013-057.jpg,700,560,3,0.027-0.170,0.211-0.838,0.870-0.968,0/0/0/0,si,0.169-0.567,0.570-0.979,0.490,"(3, 1, 1, 1, 0)"
AIM-P013-058.jpg,700,560,3,0.027-0.170,0.211-0.838,0.870-0.968,0/0/0/0,si,0.167-0.563,0.566-0.976,0.491,"(3, 1, 1, 1, 0)"
AIM-P013-059.jpg,700,560,3,0.027-0.170,0.211-0.838,0.870-0.968,0/0/0/0,si,0.169-0.566,0.569-0.973,0.494,"(3, 1, 1, 1, 0)"
AIM-P013-060.jpg,700,573,3,0.042-0.180,0.218-0.827,0.859-0.955,0/0/0/0,si,0.167-0.609,0.687-0.854,0.579,"(3, 1, 1, 1, 0)"
AIM-P014-001.png,700,560,3,0.027-0.170,0.211-0.838,0.870-0.968,0/0/0/0,si,0.167-0.560,0.563-0.973,0.493,"(3, 1, 1, 1, 0)"
AIM-P014-002.jpg,2560,2048,3,0.028-0.170,0.209-0.839,0.871-0.969,0/0/0/0,si,0.166-0.568,0.569-0.979,0.487,"(3, 1, 1, 1, 0)"
AIM-P014-003.jpg,700,560,3,0.027-0.170,0.211-0.838,0.870-0.968,0/0/0/0,si,0.167-0.566,0.569-0.977,0.490,"(3, 1, 1, 1, 0)"
AIM-P014-004.jpg,800,640,3,0.028-0.170,0.211-0.838,0.870-0.969,0/0/0/0,si,0.168-0.565,0.568-0.979,0.490,"(3, 1, 1, 1, 0)"
AIM-P014-005.jpg,700,560,3,0.027-0.170,0.211-0.838,0.870-0.968,0/0/0/0,si,0.169-0.569,0.571-0.973,0.494,"(3, 1, 1, 1, 0)"
AIM-P014-006.jpg,700,560,3,0.027-0.170,0.211-0.839,0.870-0.970,0/0/0/0,si,0.169-0.567,0.570-0.979,0.489,"(3, 1, 1, 1, 0)"
AIM-P014-007.jpg,700,560,3,0.027-0.170,0.211-0.838,0.870-0.968,0/0/0/0,si,0.167-0.566,0.569-0.979,0.489,"(3, 1, 1, 1, 0)"
AIM-P014-008.gif,700,573,3,0.044-0.182,0.220-0.832,0.860-0.956,0/0/0/0,si,0.036-0.204,0.223-0.530,0.695,"(3, 1, 1, 1, 0)"
AIM-P014-009.jpg,700,573,3,0.042-0.182,0.220-0.829,0.860-0.955,0/0/0/0,si,0.171-0.567,0.570-0.970,0.511,"(3, 1, 1, 1, 0)"
AIM-P014-010.jpg,2560,2048,3,0.028-0.170,0.209-0.839,0.871-0.969,0/0/0/0,si,0.166-0.566,0.567-0.973,0.491,"(3, 1, 1, 1, 0)"
AIM-P014-011.jpg,700,560,3,0.027-0.170,0.211-0.838,0.870-0.968,0/0/0/0,si,0.167-0.566,0.569-0.973,0.493,"(3, 1, 1, 1, 0)"
AIM-P014-012.png,700,560,3,0.027-0.170,0.211-0.838,0.870-0.968,0/0/0/0,si,0.167-0.566,0.569-0.973,0.493,"(3, 1, 1, 1, 0)"
AIM-P014-013.jpg,700,560,3,0.027-0.170,0.211-0.838,0.870-0.968,0/0/0/0,si,0.169-0.570,0.573-0.979,0.490,"(3, 1, 1, 1, 0)"
AIM-P014-014.jpg,800,640,3,0.028-0.170,0.211-0.838,0.870-0.969,0/0/0/0,si,0.168-0.561,0.564-0.979,0.490,"(3, 1, 1, 1, 0)"
AIM-P014-015.gif,700,573,3,0.044-0.182,0.218-0.829,0.860-0.956,0/0/0/0,si,0.170-0.566,0.569-0.973,0.507,"(3, 1, 1, 1, 0)"
AIM-P014-016.jpg,700,560,3,0.027-0.170,0.211-0.838,0.870-0.968,0/0/0/0,si,0.167-0.566,0.569-0.977,0.490,"(3, 1, 1, 1, 0)"
AIM-P014-017.jpg,700,560,3,0.027-0.170,0.211-0.843,0.870-0.968,0/0/0/0,si,0.167-0.570,0.573-0.979,0.485,"(3, 1, 1, 1, 0)"
AIM-P014-018.jpg,700,560,3,0.027-0.170,0.211-0.843,0.870-0.968,0/0/0/0,si,0.167-0.570,0.573-0.980,0.484,"(3, 1, 1, 1, 0)"
AIM-P014-019.jpg,700,560,3,0.027-0.170,0.211-0.838,0.870-0.968,0/0/0/0,si,0.169-0.567,0.570-0.973,0.494,"(3, 1, 1, 1, 0)"
AIM-P014-020.jpg,2560,2048,3,0.028-0.170,0.210-0.839,0.871-0.969,0/0/0/0,si,0.166-0.566,0.567-0.977,0.490,"(3, 1, 1, 1, 0)"
AIM-P014-021.gif,700,573,3,0.044-0.182,0.218-0.829,0.860-0.956,0/0/0/0,si,0.170-0.566,0.569-0.973,0.507,"(3, 1, 1, 1, 0)"
AIM-P014-022.jpg,700,560,3,0.027-0.170,0.211-0.838,0.870-0.968,0/0/0/0,si,0.167-0.569,0.571-0.977,0.490,"(3, 1, 1, 1, 0)"
AIM-P014-023.jpg,700,560,3,0.027-0.170,0.211-0.838,0.870-0.968,0/0/0/0,si,0.169-0.567,0.570-0.973,0.494,"(3, 1, 1, 1, 0)"
AIM-P014-024.jpg,700,560,3,0.027-0.170,0.211-0.838,0.870-0.968,0/0/0/0,si,0.167-0.566,0.569-0.973,0.493,"(3, 1, 1, 1, 0)"
AIM-P014-025.jpg,700,560,3,0.029-0.171,0.211-0.839,0.871-0.970,0/0/0/0,si,0.167-0.570,0.573-0.976,0.489,"(3, 1, 1, 1, 0)"
AIM-P014-026.jpg,700,560,3,0.027-0.170,0.211-0.838,0.870-0.968,0/0/0/0,si,0.169-0.567,0.570-0.973,0.494,"(3, 1, 1, 1, 0)"
AIM-P014-027.jpg,700,573,3,0.042-0.182,0.220-0.829,0.860-0.955,0/0/0/0,si,0.170-0.564,0.567-0.970,0.510,"(3, 1, 1, 1, 0)"
AIM-P014-028.gif,700,573,3,0.044-0.182,0.220-0.831,0.860-0.956,0/0/0/0,si,0.170-0.563,0.566-0.971,0.508,"(3, 1, 1, 1, 0)"
AIM-P014-029.jpg,700,560,3,0.027-0.170,0.211-0.838,0.870-0.968,0/0/0/0,si,0.167-0.566,0.569-0.977,0.490,"(3, 1, 1, 1, 0)"
AIM-P014-030.jpg,700,560,3,0.027-0.170,0.211-0.838,0.870-0.968,0/0/0/0,si,0.169-0.570,0.573-0.979,0.490,"(3, 1, 1, 1, 0)"
AIM-P014-031.jpg,700,560,3,0.027-0.170,0.211-0.838,0.870-0.968,0/0/0/0,si,0.167-0.977,,0.122,"(3, 1, 1, 1, 0)"
AIM-P014-032.jpg,700,560,3,0.027-0.170,0.211-0.838,0.870-0.968,0/0/0/0,si,0.169-0.566,0.569-0.977,0.491,"(3, 1, 1, 1, 0)"
AIM-P014-033.gif,700,562,3,0.025-0.169,0.208-0.842,0.872-0.972,0/0/0/0,si,0.166-0.567,0.570-0.979,0.483,"(3, 1, 1, 1, 0)"
AIM-P014-034.jpg,700,573,3,0.042-0.182,0.220-0.829,0.860-0.955,0/0/0/0,si,0.170-0.564,0.567-0.970,0.510,"(3, 1, 1, 1, 0)"
AIM-P014-035.gif,700,573,3,0.044-0.182,0.220-0.829,0.860-0.956,0/0/0/0,si,0.170-0.563,0.566-0.971,0.510,"(3, 1, 1, 1, 0)"
AIM-P014-036.jpg,700,560,3,0.027-0.170,0.211-0.838,0.870-0.968,0/0/0/0,si,0.167-0.563,0.566-0.977,0.490,"(3, 1, 1, 1, 0)"
AIM-P014-037.jpg,700,560,3,0.029-0.170,0.211-0.838,0.870-0.968,0/0/0/0,si,0.169-0.566,0.569-0.977,0.491,"(3, 1, 1, 1, 0)"
AIM-P014-038.jpg,700,560,3,0.027-0.170,0.211-0.838,0.870-0.968,0/0/0/0,si,0.167-0.566,0.569-0.977,0.490,"(3, 1, 1, 1, 0)"
AIM-P014-039.jpg,700,560,3,0.027-0.170,0.211-0.838,0.870-0.968,0/0/0/0,si,0.167-0.566,0.569-0.973,0.493,"(3, 1, 1, 1, 0)"
AIM-P014-040.jpg,700,573,3,0.042-0.182,0.220-0.829,0.860-0.955,0/0/0/0,si,0.170-0.570,0.573-0.970,0.510,"(3, 1, 1, 1, 0)"
AIM-P014-041.jpg,700,560,3,0.027-0.170,0.211-0.838,0.870-0.968,0/0/0/0,si,0.167-0.570,0.573-0.977,0.490,"(3, 1, 1, 1, 0)"
AIM-P014-042.jpg,2560,2048,3,0.028-0.170,0.211-0.839,0.871-0.969,0/0/0/0,si,0.166-0.566,0.567-0.973,0.492,"(3, 1, 1, 1, 0)"
AIM-P014-043.gif,700,573,3,0.044-0.182,0.220-0.829,0.860-0.956,0/0/0/0,si,0.170-0.563,0.566-0.974,0.508,"(3, 1, 1, 1, 0)"
AIM-P014-044.jpg,700,560,3,0.027-0.170,0.211-0.838,0.870-0.968,0/0/0/0,si,0.167-0.570,0.573-0.977,0.490,"(3, 1, 1, 1, 0)"
AIM-P014-045.jpg,700,560,3,0.032-0.175,0.211-0.843,0.875-0.973,0/0/0/0,si,0.166-0.564,0.567-0.976,0.486,"(3, 1, 1, 1, 0)"
AIM-P014-046.jpg,700,560,3,0.027-0.170,0.211-0.838,0.870-0.968,0/0/0/0,si,0.167-0.563,0.566-0.976,0.491,"(3, 1, 1, 1, 0)"
AIM-P014-047.jpg,700,573,3,0.042-0.182,0.220-0.829,0.860-0.955,0/0/0/0,si,0.170-0.570,0.573-0.970,0.510,"(3, 1, 1, 1, 0)"
AIM-P014-048.jpg,700,560,3,0.027-0.170,0.211-0.838,0.870-0.968,0/0/0/0,si,0.167-0.566,0.569-0.973,0.493,"(3, 1, 1, 1, 0)"
AIM-P014-049.jpg,2560,2048,3,0.028-0.170,0.211-0.839,0.871-0.969,0/0/0/0,si,0.166-0.566,0.567-0.973,0.492,"(3, 1, 1, 1, 0)"
AIM-P014-050.jpg,700,560,3,0.027-0.170,0.211-0.843,0.870-0.968,0/0/0/0,si,0.167-0.570,0.573-0.980,0.484,"(3, 1, 1, 1, 0)"
AIM-P014-051.jpg,700,560,3,0.027-0.170,0.211-0.838,0.870-0.968,0/0/0/0,si,0.167-0.566,0.569-0.977,0.490,"(3, 1, 1, 1, 0)"
AIM-P014-052.jpg,700,560,3,0.027-0.170,0.211-0.838,0.870-0.968,0/0/0/0,si,0.033-0.204,0.276-0.487,0.714,"(3, 1, 1, 1, 0)"
AIM-P014-053.jpg,700,560,3,0.027-0.170,0.211-0.838,0.870-0.968,0/0/0/0,si,0.167-0.567,0.570-0.977,0.490,"(3, 1, 1, 1, 0)"
AIM-P014-054.jpg,700,560,3,0.027-0.170,0.202-0.839,0.870-0.970,0/0/0/0,si,0.169-0.570,0.573-0.979,0.481,"(3, 1, 1, 1, 0)"
AIM-P014-055.jpg,700,573,3,0.042-0.182,0.220-0.829,0.860-0.955,0/0/0/0,si,0.170-0.564,0.567-0.970,0.510,"(3, 1, 1, 1, 0)"
AIM-P014-056.jpg,2560,2048,3,0.028-0.170,0.211-0.839,0.871-0.969,0/0/0/0,si,0.166-0.566,0.567-0.973,0.493,"(3, 1, 1, 1, 0)"
AIM-P014-057.jpg,700,560,3,0.027-0.170,0.211-0.838,0.870-0.968,0/0/0/0,si,0.167-0.566,0.569-0.977,0.490,"(3, 1, 1, 1, 0)"
AIM-P014-058.jpg,800,640,3,0.028-0.170,0.211-0.838,0.870-0.969,0/0/0/0,si,0.168-0.561,0.564-0.970,0.495,"(3, 1, 1, 1, 0)"
AIM-P014-059.jpg,700,560,3,0.029-0.171,0.211-0.839,0.871-0.970,0/0/0/0,si,0.167-0.566,0.569-0.976,0.489,"(3, 1, 1, 1, 0)"
AIM-P014-060.jpg,700,560,3,0.027-0.170,0.211-0.838,0.870-0.968,0/0/0/0,si,0.167-0.566,0.569-0.973,0.493,"(3, 1, 1, 1, 0)"
AIM-P015-001.jpg,2560,2048,3,0.028-0.170,0.211-0.839,0.871-0.969,0/0/0/0,si,0.166-0.566,0.567-0.974,0.492,"(3, 1, 1, 1, 0)"
AIM-P015-002.jpg,700,560,3,0.027-0.170,0.211-0.838,0.870-0.968,0/0/0/0,si,0.167-0.567,0.570-0.977,0.490,"(3, 1, 1, 1, 0)"
AIM-P015-003.jpg,700,560,3,0.027-0.170,0.211-0.838,0.870-0.968,0/0/0/0,si,0.169-0.567,0.570-0.977,0.491,"(3, 1, 1, 1, 0)"
AIM-P015-004.gif,700,573,3,0.044-0.182,0.220-0.829,0.860-0.956,0/0/0/0,si,0.170-0.564,0.567-0.974,0.508,"(3, 1, 1, 1, 0)"
AIM-P015-005.jpg,700,560,3,0.027-0.170,0.209-0.839,0.870-0.970,0/0/0/0,si,0.169-0.570,0.573-0.977,0.488,"(3, 1, 1, 1, 0)"
AIM-P015-006.jpg,700,560,2,,0.027-0.838,0.870-0.968,0/0/0/0,no,0.021-0.977,,0.122,"(2, 0, 1, 0, 0)"
AIM-P015-007.jpg,700,560,3,0.027-0.170,0.209-0.838,0.870-0.968,0/0/0/0,si,0.169-0.570,0.573-0.973,0.492,"(3, 1, 1, 1, 0)"
AIM-P015-008.jpg,700,560,3,0.029-0.170,0.211-0.838,0.870-0.968,0/0/0/0,si,0.167-0.564,0.567-0.977,0.490,"(3, 1, 1, 1, 0)"
AIM-P015-009.jpg,700,560,3,0.027-0.170,0.211-0.839,0.870-0.968,0/0/0/0,si,0.167-0.570,0.573-0.973,0.491,"(3, 1, 1, 1, 0)"
AIM-P015-010.jpg,700,560,3,0.027-0.170,0.209-0.838,0.870-0.970,0/0/0/0,si,0.169-0.566,0.569-0.979,0.489,"(3, 1, 1, 1, 0)"
AIM-P015-011.png,700,560,3,0.027-0.170,0.211-0.838,0.870-0.968,0/0/0/0,si,0.167-0.566,0.569-0.973,0.493,"(3, 1, 1, 1, 0)"
AIM-P015-012.jpg,700,560,3,0.027-0.170,0.209-0.839,0.870-0.968,0/0/0/0,si,0.169-0.567,0.570-0.979,0.487,"(3, 1, 1, 1, 0)"
AIM-P015-013.gif,700,573,3,0.044-0.182,0.220-0.829,0.860-0.956,0/0/0/0,si,0.170-0.563,0.566-0.973,0.509,"(3, 1, 1, 1, 0)"
AIM-P015-014.jpg,700,560,3,0.029-0.171,0.211-0.839,0.871-0.970,0/0/0/0,si,0.164-0.566,0.569-0.977,0.487,"(3, 1, 1, 1, 0)"
AIM-P015-015.jpg,800,640,3,0.028-0.170,0.211-0.838,0.870-0.969,0/0/0/0,si,0.168-0.561,0.564-0.970,0.495,"(3, 1, 1, 1, 0)"
AIM-P015-016.jpg,700,560,3,0.027-0.170,0.211-0.838,0.870-0.968,0/0/0/0,si,0.167-0.523,0.551-0.973,0.493,"(3, 1, 1, 1, 0)"
AIM-P015-017.gif,700,573,3,0.044-0.182,0.220-0.829,0.860-0.956,0/0/0/0,si,0.170-0.563,0.566-0.973,0.509,"(3, 1, 1, 1, 0)"
AIM-P015-018.png,700,560,3,0.027-0.170,0.211-0.838,0.870-0.968,0/0/0/0,si,0.167-0.566,0.569-0.973,0.493,"(3, 1, 1, 1, 0)"
AIM-P015-019.jpg,700,560,3,0.027-0.170,0.211-0.838,0.870-0.968,0/0/0/0,si,0.167-0.569,0.571-0.973,0.493,"(3, 1, 1, 1, 0)"
AIM-P015-020.jpg,2560,2048,3,0.028-0.170,0.211-0.838,0.871-0.969,0/0/0/0,si,0.166-0.567,0.568-0.974,0.493,"(3, 1, 1, 1, 0)"
AIM-P015-021.jpg,700,560,3,0.027-0.170,0.211-0.839,0.870-0.968,0/0/0/0,si,0.169-0.566,0.569-0.973,0.492,"(3, 1, 1, 1, 0)"
AIM-P015-022.jpg,700,560,3,0.027-0.170,0.211-0.838,0.870-0.968,0/0/0/0,si,0.033-0.204,0.283-0.471,0.723,"(3, 1, 1, 1, 0)"
AIM-P015-023.jpg,700,560,3,0.027-0.170,0.211-0.838,0.870-0.968,0/0/0/0,si,0.167-0.566,0.569-0.973,0.493,"(3, 1, 1, 1, 0)"
AIM-P015-024.jpg,700,560,3,0.027-0.170,0.211-0.838,0.870-0.968,0/0/0/0,si,0.167-0.566,0.569-0.973,0.493,"(3, 1, 1, 1, 0)"
AIM-P015-025.gif,700,573,3,0.044-0.182,0.220-0.831,0.860-0.956,0/0/0/0,si,0.170-0.563,0.566-0.973,0.507,"(3, 1, 1, 1, 0)"
AIM-P015-026.jpg,700,560,3,0.029-0.171,0.211-0.839,0.871-0.970,0/0/0/0,si,0.169-0.554,0.557-0.976,0.490,"(3, 1, 1, 1, 0)"
AIM-P015-027.jpg,700,560,3,0.027-0.170,0.211-0.838,0.870-0.968,0/0/0/0,si,0.169-0.570,0.573-0.977,0.491,"(3, 1, 1, 1, 0)"
AIM-P015-028.jpg,700,560,3,0.027-0.170,0.211-0.843,0.870-0.968,0/0/0/0,si,0.167-0.570,0.573-0.980,0.484,"(3, 1, 1, 1, 0)"
AIM-P015-029.jpg,700,560,3,0.027-0.170,0.211-0.838,0.870-0.968,0/0/0/0,si,0.167-0.566,0.569-0.973,0.493,"(3, 1, 1, 1, 0)"
AIM-P015-030.jpg,700,560,3,0.027-0.170,0.211-0.838,0.870-0.968,0/0/0/0,si,0.204-0.551,0.599-0.944,0.534,"(3, 1, 1, 1, 0)"
AIM-P015-031.jpg,700,560,3,0.027-0.170,0.209-0.841,0.870-0.968,0/0/0/0,si,0.170-0.566,0.569-0.977,0.487,"(3, 1, 1, 1, 0)"
AIM-P015-032.jpg,700,560,3,0.027-0.170,0.209-0.838,0.870-0.968,0/0/0/0,si,0.167-0.569,0.571-0.973,0.491,"(3, 1, 1, 1, 0)"
AIM-P015-033.jpg,700,560,3,0.027-0.170,0.211-0.843,0.870-0.968,0/0/0/0,si,0.167-0.570,0.573-0.980,0.484,"(3, 1, 1, 1, 0)"
AIM-P015-034.jpg,700,560,3,0.027-0.170,0.211-0.841,0.870-0.970,0/0/0/0,si,0.169-0.566,0.569-0.979,0.487,"(3, 1, 1, 1, 0)"
AIM-P015-035.jpg,700,560,3,0.027-0.170,0.211-0.838,0.870-0.968,0/0/0/0,si,0.167-0.569,0.571-0.977,0.490,"(3, 1, 1, 1, 0)"
AIM-P015-036.jpg,800,640,3,0.028-0.170,0.211-0.838,0.870-0.969,0/0/0/0,si,0.168-0.564,0.566-0.979,0.490,"(3, 1, 1, 1, 0)"
AIM-P015-037.jpg,700,560,3,0.027-0.170,0.211-0.838,0.870-0.968,0/0/0/0,si,0.167-0.566,0.569-0.977,0.490,"(3, 1, 1, 1, 0)"
AIM-P015-038.jpg,700,560,3,0.027-0.170,0.211-0.838,0.870-0.968,0/0/0/0,si,0.167-0.569,0.571-0.973,0.493,"(3, 1, 1, 1, 0)"
AIM-P015-039.jpg,700,560,3,0.027-0.170,0.211-0.838,0.870-0.968,0/0/0/0,si,0.169-0.570,0.573-0.973,0.494,"(3, 1, 1, 1, 0)"
AIM-P015-040.jpg,700,573,3,0.042-0.182,0.220-0.829,0.860-0.955,0/0/0/0,si,0.170-0.566,0.569-0.970,0.510,"(3, 1, 1, 1, 0)"
AIM-P015-041.png,700,560,3,0.027-0.170,0.211-0.838,0.870-0.968,0/0/0/0,si,0.167-0.566,0.569-0.973,0.493,"(3, 1, 1, 1, 0)"
AIM-P015-042.jpg,700,560,3,0.027-0.170,0.211-0.838,0.870-0.968,0/0/0/0,si,0.167-0.564,0.567-0.977,0.490,"(3, 1, 1, 1, 0)"
AIM-P015-043.jpg,700,560,3,0.027-0.170,0.211-0.838,0.870-0.968,0/0/0/0,si,0.167-0.570,0.573-0.979,0.489,"(3, 1, 1, 1, 0)"
AIM-P015-044.jpg,700,560,3,0.027-0.170,0.211-0.838,0.870-0.968,0/0/0/0,si,0.169-0.566,0.569-0.977,0.491,"(3, 1, 1, 1, 0)"
AIM-P015-045.jpg,700,560,3,0.029-0.171,0.211-0.839,0.871-0.970,0/0/0/0,si,0.167-0.564,0.567-0.976,0.489,"(3, 1, 1, 1, 0)"
AIM-P015-046.png,700,560,3,0.027-0.170,0.211-0.838,0.870-0.968,0/0/0/0,si,0.167-0.566,0.569-0.970,0.494,"(3, 1, 1, 1, 0)"
AIM-P015-047.jpg,700,560,3,0.027-0.170,0.211-0.838,0.870-0.968,0/0/0/0,si,0.169-0.566,0.569-0.973,0.494,"(3, 1, 1, 1, 0)"
AIM-P015-048.png,700,560,3,0.027-0.170,0.211-0.838,0.870-0.968,0/0/0/0,si,0.167-0.566,0.569-0.973,0.493,"(3, 1, 1, 1, 0)"
AIM-P015-049.jpg,2560,2048,3,0.028-0.170,0.211-0.839,0.871-0.969,0/0/0/0,si,0.166-0.566,0.567-0.974,0.492,"(3, 1, 1, 1, 0)"
AIM-P015-050.jpg,700,560,3,0.027-0.170,0.211-0.839,0.870-0.968,0/0/0/0,si,0.169-0.570,0.573-0.979,0.489,"(3, 1, 1, 1, 0)"
AIM-P015-051.jpg,700,560,3,0.027-0.170,0.211-0.838,0.870-0.968,0/0/0/0,si,0.167-0.566,0.569-0.973,0.493,"(3, 1, 1, 1, 0)"
AIM-P015-052.jpg,700,560,3,0.027-0.170,0.211-0.838,0.870-0.968,0/0/0/0,si,0.169-0.570,0.573-0.976,0.492,"(3, 1, 1, 1, 0)"
AIM-P015-053.png,700,560,3,0.027-0.170,0.211-0.838,0.870-0.968,0/0/0/0,si,0.167-0.566,0.569-0.980,0.488,"(3, 1, 1, 1, 0)"
AIM-P015-054.gif,700,562,3,0.025-0.169,0.208-0.845,0.875-0.996,0/0/0/0,si,0.167-0.571,0.574-0.984,0.477,"(3, 1, 1, 1, 0)"
AIM-P015-055.jpg,2560,2048,3,0.028-0.170,0.211-0.839,0.871-0.969,0/0/0/0,si,0.166-0.566,0.567-0.974,0.492,"(3, 1, 1, 1, 0)"
AIM-P015-056.jpg,700,560,3,0.027-0.170,0.211-0.838,0.870-0.968,0/0/0/0,si,0.167-0.570,0.573-0.977,0.490,"(3, 1, 1, 1, 0)"
AIM-P015-057.jpg,700,560,3,0.027-0.170,0.211-0.838,0.870-0.968,0/0/0/0,si,0.167-0.569,0.571-0.977,0.490,"(3, 1, 1, 1, 0)"
AIM-P015-058.jpg,700,560,3,0.027-0.170,0.211-0.839,0.870-0.968,0/0/0/0,si,0.169-0.570,0.573-0.979,0.489,"(3, 1, 1, 1, 0)"
AIM-P015-059.jpg,700,560,3,0.027-0.170,0.211-0.838,0.870-0.968,0/0/0/0,si,0.167-0.566,0.569-0.977,0.490,"(3, 1, 1, 1, 0)"
AIM-P015-060.jpg,700,560,3,0.029-0.171,0.211-0.839,0.871-0.970,0/0/0/0,si,0.169-0.564,0.567-0.976,0.490,"(3, 1, 1, 1, 0)"
AIM-P016-001.jpg,700,560,3,0.027-0.170,0.211-0.843,0.870-0.968,0/0/0/0,si,0.167-0.570,0.573-0.980,0.484,"(3, 1, 1, 1, 0)"
AIM-P016-002.jpg,700,560,3,0.027-0.170,0.211-0.838,0.870-0.968,0/0/0/0,si,0.169-0.566,0.569-0.973,0.494,"(3, 1, 1, 1, 0)"
AIM-P016-003.jpg,700,560,3,0.027-0.170,0.211-0.838,0.870-0.968,0/0/0/0,si,0.167-0.566,0.569-0.973,0.493,"(3, 1, 1, 1, 0)"
AIM-P016-004.jpg,700,573,3,0.042-0.182,0.220-0.829,0.860-0.955,0/0/0/0,si,0.170-0.566,0.569-0.970,0.510,"(3, 1, 1, 1, 0)"
AIM-P016-005.png,700,560,3,0.027-0.170,0.211-0.838,0.870-0.968,0/0/0/0,si,0.167-0.566,0.569-0.973,0.493,"(3, 1, 1, 1, 0)"
AIM-P016-006.jpg,700,560,3,0.027-0.170,0.211-0.838,0.870-0.968,0/0/0/0,si,0.167-0.566,0.569-0.973,0.493,"(3, 1, 1, 1, 0)"
AIM-P016-007.jpg,700,560,3,0.029-0.171,0.211-0.839,0.871-0.970,0/0/0/0,si,0.167-0.566,0.569-0.976,0.489,"(3, 1, 1, 1, 0)"
AIM-P016-008.jpg,700,560,3,0.027-0.170,0.211-0.838,0.870-0.968,0/0/0/0,si,0.167-0.566,0.569-0.973,0.493,"(3, 1, 1, 1, 0)"
AIM-P016-009.jpg,700,560,3,0.027-0.170,0.211-0.838,0.870-0.968,0/0/0/0,si,0.167-0.554,0.557-0.977,0.490,"(3, 1, 1, 1, 0)"
AIM-P016-010.gif,700,573,3,0.044-0.182,0.220-0.829,0.860-0.956,0/0/0/0,si,0.170-0.573,0.576-0.973,0.509,"(3, 1, 1, 1, 0)"
AIM-P016-011.jpg,700,560,3,0.027-0.170,0.211-0.838,0.870-0.968,0/0/0/0,si,0.167-0.566,0.569-0.977,0.490,"(3, 1, 1, 1, 0)"
AIM-P016-012.jpg,700,560,3,0.027-0.170,0.211-0.838,0.870-0.968,0/0/0/0,si,0.169-0.576,0.579-0.974,0.493,"(3, 1, 1, 1, 0)"
AIM-P016-013.jpg,700,560,3,0.027-0.170,0.211-0.838,0.870-0.968,0/0/0/0,si,0.167-0.566,0.569-0.977,0.490,"(3, 1, 1, 1, 0)"
AIM-P016-014.jpg,700,560,3,0.027-0.170,0.211-0.838,0.870-0.968,0/0/0/0,si,0.167-0.569,0.571-0.977,0.490,"(3, 1, 1, 1, 0)"
AIM-P016-015.jpg,700,560,3,0.027-0.170,0.211-0.843,0.870-0.968,0/0/0/0,si,0.167-0.570,0.573-0.980,0.484,"(3, 1, 1, 1, 0)"
AIM-P016-016.jpg,700,560,3,0.027-0.170,0.211-0.838,0.870-0.968,0/0/0/0,si,0.167-0.566,0.569-0.977,0.490,"(3, 1, 1, 1, 0)"
AIM-P016-017.gif,700,562,3,0.025-0.169,0.210-0.842,0.874-0.973,0/0/0/0,si,0.164-0.566,0.569-0.976,0.485,"(3, 1, 1, 1, 0)"
AIM-P016-018.jpg,700,560,3,0.027-0.170,0.211-0.838,0.870-0.968,0/0/0/0,si,0.169-0.567,0.570-0.973,0.494,"(3, 1, 1, 1, 0)"
AIM-P016-019.png,700,560,3,0.027-0.170,0.211-0.838,0.870-0.968,0/0/0/0,si,0.167-0.599,0.687-0.854,0.567,"(3, 1, 1, 1, 0)"
AIM-P016-020.jpg,700,560,3,0.027-0.170,0.211-0.838,0.870-0.968,0/0/0/0,si,0.169-0.566,0.569-0.977,0.491,"(3, 1, 1, 1, 0)"
AIM-P016-021.jpg,2560,2048,3,0.028-0.170,0.211-0.839,0.871-0.969,0/0/0/0,si,0.166-0.567,0.568-0.974,0.492,"(3, 1, 1, 1, 0)"
AIM-P016-022.gif,700,573,3,0.044-0.182,0.220-0.829,0.860-0.956,0/0/0/0,si,0.170-0.566,0.569-0.973,0.509,"(3, 1, 1, 1, 0)"
AIM-P016-023.jpg,700,560,3,0.027-0.170,0.211-0.838,0.870-0.968,0/0/0/0,si,0.167-0.566,0.569-0.977,0.490,"(3, 1, 1, 1, 0)"
AIM-P016-024.jpg,700,560,3,0.027-0.170,0.211-0.843,0.870-0.968,0/0/0/0,si,0.167-0.573,0.576-0.980,0.484,"(3, 1, 1, 1, 0)"
AIM-P016-025.jpg,700,560,3,0.027-0.170,0.211-0.838,0.870-0.968,0/0/0/0,si,0.169-0.566,0.569-0.973,0.494,"(3, 1, 1, 1, 0)"
AIM-P016-026.jpg,700,560,3,0.027-0.170,0.211-0.839,0.870-0.968,0/0/0/0,si,0.167-0.570,0.573-0.977,0.489,"(3, 1, 1, 1, 0)"
AIM-P016-027.gif,700,573,3,0.044-0.182,0.220-0.832,0.860-0.956,0/0/0/0,si,0.170-0.563,0.566-0.971,0.507,"(3, 1, 1, 1, 0)"
AIM-P016-028.gif,700,562,3,0.012-0.160,0.201-0.852,0.884-0.988,0/0/0/0,si,0.159-0.571,0.574-0.994,0.453,"(3, 1, 1, 1, 0)"
AIM-P016-029.jpg,2560,2048,3,0.028-0.170,0.210-0.839,0.871-0.969,0/0/0/0,si,0.166-0.566,0.567-0.973,0.492,"(3, 1, 1, 1, 0)"
AIM-P016-030.jpg,700,560,3,0.027-0.170,0.211-0.838,0.870-0.968,0/0/0/0,si,0.169-0.567,0.570-0.973,0.494,"(3, 1, 1, 1, 0)"
AIM-P016-031.jpg,2560,2048,3,0.028-0.170,0.211-0.839,0.871-0.969,0/0/0/0,si,0.166-0.564,0.564-0.977,0.490,"(3, 1, 1, 1, 0)"
AIM-P016-032.jpg,700,560,3,0.027-0.170,0.209-0.839,0.870-0.970,0/0/0/0,si,0.173-0.566,0.569-0.979,0.490,"(3, 1, 1, 1, 0)"
AIM-P016-033.jpg,700,560,3,0.027-0.170,0.211-0.843,0.870-0.968,0/0/0/0,si,0.167-0.571,0.574-0.980,0.484,"(3, 1, 1, 1, 0)"
AIM-P016-034.jpg,700,573,3,0.042-0.182,0.220-0.829,0.860-0.955,0/0/0/0,si,0.170-0.564,0.567-0.970,0.510,"(3, 1, 1, 1, 0)"
AIM-P016-035.jpg,700,560,3,0.027-0.170,0.211-0.838,0.870-0.968,0/0/0/0,si,0.167-0.566,0.569-0.977,0.490,"(3, 1, 1, 1, 0)"
AIM-P016-036.jpg,800,640,3,0.028-0.172,0.209-0.838,0.872-0.970,0/0/0/0,si,0.168-0.564,0.566-0.979,0.488,"(3, 1, 1, 1, 0)"
AIM-P016-037.jpg,700,560,3,0.027-0.170,0.211-0.838,0.870-0.968,0/0/0/0,si,0.167-0.567,0.570-0.971,0.494,"(3, 1, 1, 1, 0)"
AIM-P016-038.gif,700,573,3,0.044-0.182,0.220-0.829,0.860-0.956,0/0/0/0,si,0.170-0.564,0.567-0.973,0.509,"(3, 1, 1, 1, 0)"
AIM-P016-039.jpg,700,560,3,0.027-0.170,0.211-0.838,0.870-0.968,0/0/0/0,si,0.169-0.569,0.571-0.966,0.498,"(3, 1, 1, 1, 0)"
AIM-P016-040.jpg,700,560,3,0.027-0.170,0.211-0.838,0.870-0.968,0/0/0/0,si,0.167-0.566,0.569-0.973,0.493,"(3, 1, 1, 1, 0)"
AIM-P016-041.jpg,700,560,3,0.027-0.170,0.211-0.838,0.870-0.968,0/0/0/0,si,0.167-0.566,0.569-0.973,0.493,"(3, 1, 1, 1, 0)"
AIM-P016-042.jpg,700,560,3,0.027-0.170,0.211-0.838,0.870-0.968,0/0/0/0,si,0.167-0.563,0.566-0.979,0.489,"(3, 1, 1, 1, 0)"
AIM-P016-043.jpg,2560,2048,3,0.028-0.170,0.208-0.839,0.871-0.969,0/0/0/0,si,0.166-0.564,0.565-0.977,0.488,"(3, 1, 1, 1, 0)"
AIM-P016-044.png,700,560,3,0.027-0.170,0.211-0.838,0.870-0.968,0/0/0/0,si,0.167-0.566,0.569-0.973,0.493,"(3, 1, 1, 1, 0)"
AIM-P016-045.jpg,700,560,3,0.029-0.171,0.211-0.839,0.871-0.970,0/0/0/0,si,0.167-0.567,0.570-0.976,0.489,"(3, 1, 1, 1, 0)"
AIM-P016-046.jpg,700,560,3,0.027-0.170,0.209-0.838,0.870-0.970,0/0/0/0,si,0.169-0.566,0.569-0.979,0.489,"(3, 1, 1, 1, 0)"
AIM-P016-047.jpg,2560,2048,3,0.028-0.170,0.211-0.839,0.871-0.969,0/0/0/0,si,0.166-0.567,0.568-0.979,0.489,"(3, 1, 1, 1, 0)"
AIM-P016-048.jpg,700,560,3,0.027-0.170,0.211-0.838,0.870-0.968,0/0/0/0,si,0.169-0.566,0.569-0.979,0.490,"(3, 1, 1, 1, 0)"
AIM-P016-049.jpg,700,560,3,0.027-0.170,0.211-0.839,0.870-0.968,0/0/0/0,si,0.169-0.567,0.570-0.979,0.489,"(3, 1, 1, 1, 0)"
AIM-P016-050.gif,700,560,3,0.020-0.164,0.205-0.846,0.879-0.979,0/0/0/0,si,0.156-0.560,0.563-0.980,0.469,"(3, 1, 1, 1, 0)"
AIM-P016-051.jpg,700,573,3,0.042-0.182,0.220-0.829,0.860-0.955,0/0/0/0,si,0.170-0.564,0.567-0.970,0.510,"(3, 1, 1, 1, 0)"
AIM-P016-052.jpg,700,560,3,0.027-0.170,0.209-0.838,0.870-0.968,0/0/0/0,si,0.167-0.774,,0.122,"(3, 1, 1, 1, 0)"
AIM-P016-053.jpg,700,560,3,0.029-0.171,0.211-0.839,0.871-0.970,0/0/0/0,si,0.167-0.566,0.569-0.976,0.489,"(3, 1, 1, 1, 0)"
AIM-P016-054.png,700,560,1,,0.027-0.968,,0/0/0/0,si,0.189-0.976,,0.122,"(1, 0, 0, 1, 0)"
AIM-P016-055.jpg,2560,2048,3,0.028-0.170,0.211-0.839,0.871-0.969,0/0/0/0,si,0.166-0.554,0.555-0.973,0.492,"(3, 1, 1, 1, 0)"
AIM-P016-056.jpg,700,560,3,0.027-0.170,0.211-0.843,0.870-0.968,0/0/0/0,si,0.167-0.570,0.573-0.980,0.484,"(3, 1, 1, 1, 0)"
AIM-P016-057.jpg,700,560,3,0.027-0.170,0.211-0.838,0.870-0.968,0/0/0/0,si,0.167-0.569,0.571-0.977,0.490,"(3, 1, 1, 1, 0)"
AIM-P016-058.jpg,700,560,3,0.027-0.170,0.211-0.838,0.870-0.968,0/0/0/0,si,0.167-0.566,0.569-0.973,0.493,"(3, 1, 1, 1, 0)"
AIM-P016-059.jpg,700,560,3,0.027-0.170,0.211-0.838,0.870-0.968,0/0/0/0,si,0.167-0.567,0.570-0.973,0.493,"(3, 1, 1, 1, 0)"
AIM-P016-060.png,700,560,3,0.027-0.170,0.211-0.838,0.870-0.968,0/0/0/0,si,0.167-0.566,0.569-0.973,0.493,"(3, 1, 1, 1, 0)"
AIM-P017-001.jpg,700,573,3,0.042-0.182,0.220-0.829,0.860-0.955,0/0/0/0,si,0.170-0.570,0.573-0.970,0.510,"(3, 1, 1, 1, 0)"
AIM-P017-002.jpg,700,560,3,0.029-0.171,0.211-0.839,0.871-0.970,0/0/0/0,si,0.167-0.570,0.573-0.976,0.489,"(3, 1, 1, 1, 0)"
AIM-P017-003.jpg,700,560,3,0.027-0.170,0.211-0.838,0.870-0.968,0/0/0/0,si,0.167-0.567,0.570-0.977,0.490,"(3, 1, 1, 1, 0)"
AIM-P017-004.jpg,700,560,3,0.027-0.170,0.211-0.838,0.870-0.968,0/0/0/0,si,0.167-0.566,0.569-0.973,0.493,"(3, 1, 1, 1, 0)"
AIM-P017-005.gif,700,560,3,0.020-0.164,0.205-0.850,0.879-0.979,0/0/0/0,si,0.156-0.564,0.583-0.980,0.466,"(3, 1, 1, 1, 0)"
AIM-P017-006.jpg,700,560,3,0.027-0.170,0.211-0.838,0.870-0.968,0/0/0/0,si,0.169-0.570,0.573-0.973,0.494,"(3, 1, 1, 1, 0)"
AIM-P017-007.jpg,700,560,3,0.027-0.170,0.211-0.838,0.870-0.968,0/0/0/0,si,0.169-0.566,0.569-0.979,0.490,"(3, 1, 1, 1, 0)"
AIM-P017-008.jpg,800,640,3,0.028-0.170,0.211-0.838,0.870-0.969,0/0/0/0,si,0.168-0.564,0.566-0.979,0.490,"(3, 1, 1, 1, 0)"
AIM-P017-009.jpg,700,560,3,0.027-0.170,0.211-0.838,0.870-0.968,0/0/0/0,si,0.167-0.566,0.569-0.973,0.493,"(3, 1, 1, 1, 0)"
AIM-P017-010.jpg,700,573,3,0.042-0.182,0.220-0.829,0.860-0.955,0/0/0/0,si,0.170-0.661,0.680-0.970,0.510,"(3, 1, 1, 1, 0)"
AIM-P017-011.jpg,2560,2048,3,0.028-0.170,0.211-0.839,0.871-0.969,0/0/0/0,si,0.166-0.568,0.568-0.974,0.492,"(3, 1, 1, 1, 0)"
AIM-P017-012.jpg,800,640,3,0.028-0.172,0.209-0.838,0.872-0.970,0/0/0/0,si,0.168-0.564,0.566-0.979,0.488,"(3, 1, 1, 1, 0)"
AIM-P017-013.jpg,700,560,3,0.027-0.170,0.211-0.838,0.870-0.968,0/0/0/0,si,0.167-0.566,0.569-0.977,0.490,"(3, 1, 1, 1, 0)"
AIM-P017-014.jpg,800,640,3,0.028-0.170,0.211-0.838,0.870-0.969,0/0/0/0,si,0.168-0.564,0.566-0.979,0.490,"(3, 1, 1, 1, 0)"
AIM-P017-015.jpg,700,560,3,0.027-0.170,0.211-0.838,0.870-0.968,0/0/0/0,si,0.169-0.570,0.573-0.977,0.491,"(3, 1, 1, 1, 0)"
AIM-P017-016.jpg,700,560,3,0.027-0.170,0.211-0.838,0.870-0.968,0/0/0/0,si,0.169-0.569,0.571-0.973,0.494,"(3, 1, 1, 1, 0)"
AIM-P017-017.jpg,700,560,3,0.027-0.170,0.211-0.838,0.870-0.968,0/0/0/0,si,0.169-0.566,0.569-0.979,0.490,"(3, 1, 1, 1, 0)"
AIM-P017-018.png,700,560,3,0.027-0.170,0.211-0.838,0.870-0.968,0/0/0/0,si,0.167-0.566,0.569-0.973,0.493,"(3, 1, 1, 1, 0)"
AIM-P017-019.jpg,700,560,3,0.029-0.171,0.211-0.839,0.871-0.970,0/0/0/0,si,0.167-0.570,0.573-0.976,0.489,"(3, 1, 1, 1, 0)"
AIM-P017-020.jpg,700,560,3,0.027-0.170,0.211-0.838,0.870-0.968,0/0/0/0,si,0.169-0.569,0.571-0.973,0.494,"(3, 1, 1, 1, 0)"
AIM-P017-021.jpg,700,560,3,0.027-0.170,0.209-0.838,0.870-0.968,0/0/0/0,si,0.169-0.570,0.573-0.979,0.489,"(3, 1, 1, 1, 0)"
AIM-P017-022.gif,700,560,3,0.020-0.164,0.204-0.845,0.879-0.979,0/0/0/0,si,0.156-0.554,0.557-0.980,0.469,"(3, 1, 1, 1, 0)"
AIM-P017-023.jpg,700,560,3,0.027-0.170,0.211-0.838,0.870-0.968,0/0/0/0,si,0.169-0.570,0.573-0.977,0.491,"(3, 1, 1, 1, 0)"
AIM-P017-024.jpg,700,560,3,0.027-0.170,0.211-0.838,0.870-0.968,0/0/0/0,si,0.169-0.566,0.569-0.973,0.494,"(3, 1, 1, 1, 0)"
AIM-P017-025.jpg,700,560,3,0.027-0.170,0.211-0.838,0.870-0.968,0/0/0/0,si,0.167-0.567,0.570-0.977,0.490,"(3, 1, 1, 1, 0)"
AIM-P017-026.jpg,800,640,3,0.028-0.170,0.211-0.838,0.870-0.969,0/0/0/0,si,0.168-0.566,0.569-0.979,0.490,"(3, 1, 1, 1, 0)"
AIM-P017-027.jpg,700,560,3,0.029-0.171,0.211-0.839,0.871-0.970,0/0/0/0,si,0.169-0.566,0.569-0.976,0.490,"(3, 1, 1, 1, 0)"
AIM-P017-028.gif,700,562,3,0.011-0.158,0.199-0.851,0.883-0.986,0/0/0/0,si,0.156-0.570,0.573-0.993,0.452,"(3, 1, 1, 1, 0)"
AIM-P017-029.png,700,560,3,0.027-0.170,0.211-0.838,0.870-0.968,0/0/0/0,si,0.167-0.569,0.571-0.973,0.493,"(3, 1, 1, 1, 0)"
AIM-P017-030.jpg,700,560,3,0.029-0.171,0.211-0.839,0.871-0.970,0/0/0/0,si,0.197-0.547,0.594-0.943,0.529,"(3, 1, 1, 1, 0)"
AIM-P017-031.jpg,700,560,3,0.027-0.170,0.211-0.838,0.870-0.968,0/0/0/0,si,0.167-0.566,0.569-0.973,0.493,"(3, 1, 1, 1, 0)"
AIM-P017-032.jpg,700,560,3,0.027-0.170,0.211-0.838,0.870-0.968,0/0/0/0,si,0.169-0.567,0.570-0.977,0.491,"(3, 1, 1, 1, 0)"
AIM-P017-033.jpg,700,560,3,0.027-0.170,0.211-0.843,0.870-0.968,0/0/0/0,si,0.167-0.570,0.573-0.980,0.484,"(3, 1, 1, 1, 0)"
AIM-P017-034.jpg,700,560,3,0.027-0.171,0.209-0.839,0.868-0.970,0/0/0/0,si,0.170-0.570,0.573-0.979,0.488,"(3, 1, 1, 1, 0)"
AIM-P017-035.jpg,700,560,3,0.027-0.170,0.211-0.838,0.870-0.968,0/0/0/0,si,0.169-0.567,0.570-0.973,0.494,"(3, 1, 1, 1, 0)"
AIM-P017-036.jpg,700,560,3,0.027-0.170,0.211-0.838,0.870-0.968,0/0/0/0,si,0.167-0.570,0.573-0.977,0.490,"(3, 1, 1, 1, 0)"
AIM-P017-037.jpg,700,560,3,0.027-0.170,0.211-0.838,0.870-0.968,0/0/0/0,si,0.167-0.570,0.573-0.973,0.493,"(3, 1, 1, 1, 0)"
AIM-P017-038.jpg,700,573,3,0.042-0.182,0.220-0.829,0.860-0.955,0/0/0/0,si,0.170-0.569,0.571-0.970,0.510,"(3, 1, 1, 1, 0)"
AIM-P017-039.gif,700,560,3,0.037-0.180,0.212-0.852,0.880-0.979,0/0/0/0,si,0.163-0.557,0.560-0.970,0.482,"(3, 1, 1, 1, 0)"
AIM-P017-040.jpg,700,560,3,0.027-0.170,0.211-0.838,0.870-0.968,0/0/0/0,si,0.167-0.570,0.573-0.973,0.493,"(3, 1, 1, 1, 0)"
